"Vare","Vare_2","Masse","Volume","Energi_kj","Kalorier_kcal","Fett_g","Mettet fett_g","Enumettet_fett_g","Flerumettet_fett_g","Karbohydrater_g","Sukkerarter_g","Sukkeralkoholer","Stivelse_g","Kostfiber_g","Protein_g","Salt_g","Land","Merke","Producent","Indeholder_1","Indeholder_2","Indeholder_3","Indeholder_spor_1","Indeholder_spor_2","Indeholder_spor_3"
"Agurk1_stk","","","",44,10,"0,1",0,0,0,"1,2",0,"",0,"0,8","0,8",0,"","","","","","","","",""
"Aluminiumsfolie_29cm20_m","","","","","","","","","","","","","","","","","","","","","","","","",""
"Amerikansk_gryte188_gram","",188,"",512,122,"5,1","2,4","","",11,"2,4","","","",8,"0,5","Norge","Toro","Orkla foods norge stabburet dv","Gluten","Melk","","","",""
"Ananasbiter_3_pk_eget_m.3_pk","","","",238,56,"0,1",0,"","",13,13,"",0,1,"0,3",0,"","","","","","","","",""
"Anthon_Berg_Marsipanegg124_gram","",124,"","","","","","","","","","","","","","","Danmark","Toms anthon berg","Haugen - gruppen as","Melk","Nøtter","","","",""
"Appelsin1_kg_løsvekt","",1000,"",157,37,"0,1",0,0,0,"7,2",0,"",0,"1,8","0,9",0,"","","","","","","","",""
"Avløpsåpner_Pulver_Plumbo600_gr","",600,"","","","","","","","","","","","","","","","","","","","","","",""
"Avocado_Moden2_pk","","","",1474,358,"33,5","29,7","1,4","0,4","6,2",0,"",0,9,"3,3",0,"","","","","","","","",""
"Bacon_med_svor","","","",1448,351,"33,3","12,5","","","0,2",0,"","0,2","0,2","12,4","2,2","Norge","","","","","","","",""
"Bakepulver_Freia250_gram","",250,"",570,135,0,0,"","","33,5",0,"","",0,"0,1","37,2","Spania","Freia","Mondelez norge as","","","","","",""
"Bali_kyllinggryte91_gr","",91,"",499,119,6,"3,4","","","5,3","3,5","","","",11,"0,6","Norge","Toro","Orkla foods norge stabburet dv","Gluten","Soya","","","",""
"Ballerina_kjeks_Nougat205_gr","",205,"",2100,500,23,12,"","",65,32,"","","",6,"0,5","Sverige","Saetre ballerina","Orkla confectionery & snacks norge as","Gluten","Melk","Nøtter","Soya","","Soya"
"Bamsemums250_gram","",250,"",1623,390,11,"6,6","","",71,56,"","","",5,0,"Norge","Nidar bamsemums","Orkla confectionery & snacks norge as","Melk","Soya","","","",""
"Bananer1_kg_løsvekt","",1000,"",352,83,"0,3","0,1",0,"0,1","18,1",0,"","4,4","1,6","1,1",0,"","","","","","","","",""
"Barberskum_Regular200_ml","",200,"","","","","","","","","","","","","","","","","","","","","","",""
"Bergensk_Fiskesuppe_Toro81_gr","",81,"",155,37,"0,7","","","","5,3","2,3","","","","2,2","0,8","Norge","Toro","Orkla foods norge stabburet dv","Egg","Melk","Gluten","Selleri","Fisk",""
"Bernaisesaus_1_pose","","","",202,48,"1,6","0,3","","","7,1","2,4","","","0,2","1,2","0,9","","","","","","","","",""
"Bernaisesaus_Toro4_pakning","","","",202,48,"1,6","0,3","","","7,1","2,4","","","0,2","1,2","0,9","Norge","Toro","Orkla foods norge stabburet dv","","","","","",""
"Betasuppe_Toro112_gr","",112,"",169,40,"0,5","0,1","","","7,1","0,5","","",0,"1,4","0,7","Norge","Toro","Orkla foods norge stabburet dv","Gluten","Selleri","","","",""
"Big_One_Classic_Pizza560_gr","",560,"",895,213,"7,9","3,7","","",24,"2,1","","","",11,"1,3","Norge","Big one","Orkla foods norge stabburet dv","Gluten","Melk","Soya","","",""
"Billigst_hvetebrød1_stk","","","","","","","","","","","","","","","","","","","","","","","","",""
"Billigste_kneip1_stk","","","",1068,255,"3,3","0,4","","","44,2","1,8","","","5,5","8,7","0,9","Norge","Bakehuset","Bakehuset direkte","Gluten","","","","",""
"Biola_Blåbær1_liter","","","",213,50,"0,1",0,"","","9,4","9,3","","","",3,"0,1","Norge","Biola","Tine sa","Melk","","","","",""
"Biola_Bringebær_syrnet1_liter","","",1000,215,51,"0,1",0,"","","9,4","9,2","","","","3,1","0,1","Norge","Biola","Tine sa","Melk","","","","",""
"Biola_Rødbet","","","",195,46,"0,9","0,7","","","6,5","6,4","","","","3,0","0,09","Norge","Biola","Tine sa","Melk","","","","",""
"Bixit_Original300_gram","",300,"",2000,470,20,"2,9",14,"2,8",62,23,"","5,4",8,"0,9","","Sverige","Saetre bixit","Orkla confectionery & snacks norge as","Gluten","","","","",""
"Bixit_Sjokolade200_gram","",200,"",2000,480,22,"8,1",12,"2,8",60,29,"","","4,5","7,2","0,7","Sverige","Saetre bixit","Orkla confectionery & snacks norge as","Gluten","Melk","Soya","Selleri","Sulfitt",""
"Blomkål1_stk","","","",97,23,"0,2",0,0,"0,1","2,3",0,"",0,"2,3","1,9",0,"","","","","","","","",""
"Blåbær125_gram","",125,"",215,51,"0,9",0,"0,1","0,5","7,5",0,"",0,"4,6",1,0,"","","","","","","","",""
"Bog","","","","","","","","","","","","","","","","","","","","","","","","",""
"Bounty_Trio85_gr","",85,"",1966,488,"24,6","21,4","",0,"58,3","47,3","","","1,6","4,1","0,3","Nederland","Bounty","Mars norge as","Melk","Soya","","","",""
"Bretagne_kylling_saus27_gram","",27,"",1838,439,"20,7",2,"","","53,6","11,2","","","3,8","7,7","7,6","Norge","Toro","Orkla foods norge stabburet dv","","","","","",""
"Bringebær125_gram","",125,"",122,29,"0,4",0,0,"0,3","3,2",0,"",0,"","1,1",0,"","","","","","","","",""
"Bringebærgele","","","",336,79,0,0,"","",20,20,"","","",0,"0,2","","","","","","","","",""
"Bringebærsyltetøy_eget_merke1000_gram","",1000,"","","","","","","","","","","","","","","","","","","","","","",""
"Bringebærsyltetøy_Nora400_gr_hjemmelaget","",400,"",594,141,"0,6",0,"","",32,31,"","","2,7","0,6",0,"","","","","","","","",""
"Brokkoli1_stk","","","",124,30,"0,3","0,1",0,"0,2","2,1",0,"",0,"2,9","3,2",0,"","","","","","","","",""
"Brun_saus_med_løk","","","",156,37,"1,1","0,1","","","5,7","1,2","","","","0,9","0,9","","","","","","","","",""
"Brun_saus_uten_løk","","","",148,35,"1,2","0,1","","","5,3","0,8","","","0,2","0,7","0,9","","","","","","","","",""
"Budweiser_USA4","","","","","","","","","","","","","","","","","USA","","Ab inbev norway as","Gluten","","","","",""
"Bulmers_Original5_dl","","",500,177,42,0,0,0,0,"4,3",4,0,0,0,0,0,"","","","","","","","",""
"Bønner_i_Tomatsaus420_gram","",420,"",351,83,"0,6",0,"0,1",0,14,"5,7","","",0,"3,8","1,2","","","","","","","","",""
"Carlsberg_flaske3","","","",100,25,0,0,5,"2,5","0,2",0,0,0,0,0,0,"","","","","","","","",""
"Carlsberg_pilsner5_dl","","",500,100,25,0,0,5,"2,5","0,2",0,0,0,0,0,0,"","","","","","","","",""
"Champignon1_kg__","",1000,"",92,22,"0,3",0,0,"0,1","0,3",0,"0,1","1,8","3,6",0,"","","","","","","","","",""
"Cheez_Doodles120_gr","",120,"",2192,524,31,"4,8","","",51,"2,8","","","",10,"2,1","","","","","","","","",""
"Chili_Sauce","","","",413,98,"0,2","0,1","","","21,2",18,"","","","1,4","2,4","","","","","","","","",""
"Chillikreps_med_aioli180_gr","",180,"",1504,365,"37,1","6,3","","",3,"2,6","","0,4",0,"4,7","1,1","","","","","","","","",""
"Coca_Cola_4_plastflasker4x1","","","",180,42,0,0,"",0,"10,6","10,6","","",0,0,0,"","","","","","","","",""
"Coca_Cola_plastflaske5_dl","","",500,180,42,0,0,"",0,"10,6","10,6","","",0,0,0,"","","","","","","","",""
"Coca_Cola1","","","",180,42,0,0,"",0,"10,6","10,6","","",0,0,0,"","","","","","","","",""
"Corona1_stk","","","","","","","","","","","","","","","","","","","","","","","","",""
"Daim_Dobbel_Freia56_gr","",56,"",2215,530,31,16,"","","59,5",59,"","","1,2","2,8","0,9","","","","","","","","",""
"Daim_Strøssel_Freia100_gr_","",100,"",2210,530,31,16,"","","59,5","58,5","","","1,2","2,8","0,9","","","","","","","","",""
"Dansk_Salami","","","",1991,476,46,16,21,6,1,0,"","","",16,4,"","","","","","","","",""
"Delikat_rekesalat200_gram","",200,"",1650,400,40,3,26,10,5,3,"","","",5,"1,3","","","","","","","","",""
"Dent_Chrush","Dent Crush","","",825,200,"0,1",0,"","",60,"0,2",59,"",24,1,"1,2","","","","","","","","",""
"Dobbeldusch_Sport250_ml","",250,"","","","","","","","","","","","","","","","","","","","","","",""
"Dolmio_Classico500_gr","",500,"",185,44,"0,6","0,1","","","7,6","5,8","","","1,3","1,3","0,8","","","","","","","","",""
"Dolmio_Intens_hvitløk500_gr","",500,"",176,42,"0,2",0,"","","7,4","6,7","","","","1,7","0,7","","","","","","","","",""
"Druer1_beger_røde","","","",262,62,"0,2",0,0,0,"13,8","","",0,"","0,7",0,"","","","","","","","",""
"Edamer850_gram","",850,"",590,141,"5,9","0,8","","","11,4","6,4","","",5,"10,4",1,"","","","","","","","",""
"Egg_billigste_type12_stk","","","",620,149,"10,6",3,"","","0,3","0,3","","","",13,"0,4","","","","","","","","",""
"Eggnudler_eget_merke250_gr","",250,"",1656,392,"3,5","1,2","","","70,8",1,"","69,8","9,8","14,4","1,9","","","","","","","","",""
"Ekte_kokt_skinke","","","",438,105,"2,9",1,"","","0,7","0,7","","","","18,9","1,8","","","","","","","","",""
"Ekte_Remulade","","","",2430,590,62,4,38,17,7,6,"","",0,1,"0,8","","","","","","","","",""
"Enchilada_the_kit657_gram","",657,"",768,182,"2,9","0,4","","","31,8","5,5","","","2,6","5,6",1,"","","","","","","","",""
"Ertestuing_5_minutter_Toro164_gr","",164,"",486,115,"0,7","0,1","","","18,7","1,7","","","1,5","7,7","0,7","","","","","","","","",""
"Familiens_Fiskegrateng1_kilo","",1000,"",620,150,6,"0,6","","",15,2,"","",1,9,"0,8","","","","","","","","",""
"Fanta_Appelsin1","","","",184,43,0,0,"","","10,6","10,6","","",0,0,0,"","","","","","","","",""
"Farris_naturell1","","","",0,0,0,0,"","",0,0,"","","",0,0,"","","","","","","","",""
"Farris_Sitron1","","","",0,0,0,0,"","",0,0,"","","",0,0,"","","","","","","","",""
"Favoritt_Salami","","","",1775,420,37,15,17,"4,9","2,7","2,7","","","",19,"4,8","","","","","","","","",""
"Fenalår_Stranda100_gram","",100,"",960,229,13,6,6,"0,5",0,0,"","","",28,"8,5","","","","","","","","",""
"Ferskgjær_original50_gram","",50,"",452,108,"1,7","0,3","","",6,"4,4","","",0,13,"0,1","","","","","","","","",""
"Firkløver_Freia200_gr","",200,"",2365,565,"36,5",18,"","","48,5","47,5","","","3,2","9,1","0,2","","","","","","","","",""
"Fisherman`s_Friend_Orig20_gr","",20,"",1619,381,0,0,"","","94,7","88,6","","","0,5","0,3",0,"","","","","","","","",""
"Fisherman`s_Friend_Salmia25_gr","",25,"",1007,241,"1,3","1,3","","","90,8","0,2","85,9","","0,7","0,6",0,"","","","","","","","",""
"Fishermans`s_Friend_Mint25_gr","",25,"",1008,242,"0,6","0,6","","","98,4","0,1","98,2","","","0,1",0,"","","","","","","","",""
"Fiskeboller_eget_merke800_gram","",800,"",388,93,"4,8","0,4","","","4,8",0,"","4,8",0,"7,6","1,2","","","","","","","","",""
"FiskekakerBilligste_type_500_gr","",500,"",498,118,"4,4","0,3","","","7,8","0,7",0,"7,1",0,"11,9","0,8","","","","","","","","",""
"Fiskepinner_Findus750_gram","",750,"",835,199,"9,2","0,5","","","18,4","0,7","","17,7",1,"10,2","0,7","","","","","","","","",""
"Fjordland_Havregrøt370_gram","",370,"",450,107,4,2,"","",12,"3,9","","","1,3","4,6","0,3","","","","","","","","",""
"Fjordland_Kylling_Sweet_&_sour460_gr","",460,"","","","","","","","","","","","","","","","","","","","","","",""
"Fjordland_Pasta_med_ost_og_skinkesaus350_gr","",350,"",542,129,"5,1","1,9","","",15,4,"","","0,7","5,4","0,7","","","","","","","","",""
"Fjordland_risgrøt970_gr","",970,"",448,106,"3,1","1,9","","","15,9","3,7","","","","3,7","0,3","","","","","","","","",""
"Flatbrød_Original_Ideal300_gram","",300,"",1500,360,"1,5","0,4","","",71,3,"","",12,"9,5",1,"","","","","","","","",""
"FløtemysostSkivet","","","",1794,433,26,18,"","",36,32,"","","",11,"0,9","","","","","","","","",""
"Fløtesaus_Toro50_gram","",50,"",204,49,3,"1,6","","","4,2","1,1","","","0,1","1,1","0,9","","","","","","","","",""
"FOX_Sitronkaramell2_biter","","","",1711,405,"7,5","7,4","","",84,65,"","","","0,6",0,"","","","","","","","",""
"Freia_Dronningsjokolade100gr","",100,"",2145,525,"28,5",18,"","",56,"54,5","","",7,"4,9",0,"","","","","","","","",""
"Freia_Regia_kakao10_stk","","","",1680,405,20,"15,5","","",14,"1,9","","","33,5",23,"0,1","","","","","","","","",""
"Freia_vaniljesukker_175_gr175_gram","",175,"",1645,385,0,0,"","",97,91,"","",0,0,0,"","","","","","","","",""
"Frydenlund_fatøl5_dl","","",500,"","","","","","","","","","","","","","","","","","","","","",""
"Geisha_Risgrøt800_gram","",800,"",370,87,"1,1","0,7","","","15,5","3,7","","","0,3","3,9","0,1","","","","","","","","",""
"Gifflar_kanel300_gr","",300,"",1550,370,14,3,"","",53,18,"","","",7,"0,7","","","","","","","","",""
"Gilde_Fersk_leverpostei150_gram","",150,"",1000,241,20,"6,7","8,5","2,8","5,9","0,9","","","","9,4","1,5","","","","","","","","",""
"Gilde_Håndlaget_Sylte100_gram","",100,"",836,201,15,"5,8","","",1,"0,4","","","",16,"1,8","","","","","","","","",""
"Gilde_Julesylte100_gram","",100,"",994,238,13,"4,5","5,7","1,9","1,2",0,"","","",29,"2,9","","","","","","","","",""
"Gilde_original_ovnsbakt_leverpostei190_gr","",190,"",934,225,19,"6,5","7,8","2,8",5,"1,1","","","","9,1","1,4","","","","","","","","",""
"Gilde_skinnfri_kjøttpølse450gr","",450,"",921,222,18,"6,2","7,5","2,2","5,5","0,4","","","","9,5","1,7","","","","","","","","",""
"Gilde_smårettsskinke200_gr","",200,"",544,130,"5,1","1,7","2,2","0,7","1,9","0,4","","","",19,2,"","","","","","","","",""
"Go_Morgen_Skogsbær195_gr","",195,"",535,127,"3,4","1,7","","",19,"12,9","","","","4,2","0,1","","","","","","","","",""
"Go_Morgen_Vanilje_m/nøttemix195_gr","",195,"",661,158,"8,8","1,7","","",14,11,"","","","5,5","0,1","","","","","","","","",""
"Godt&Blandet_Supersur200_gr","",200,"",1503,356,"0,1","0,1",0,0,86,57,"","","","3,1","0,5","","","","","","","","",""
"Godt&Blandet220_gr","",220,"",1462,347,"0,3","0,2","0,1",0,85,59,0,0,0,0,"0,1","","","","","","","","",""
"Gorbys30_gram","",30,"",983,235,"7,3","1,7","","",33,"4,2","","","2,5","8,1","0,9","","","","","","","","",""
"Grandiosa","","","",910,217,"7,6","4,2","","",26,"2,7","","",0,11,"0,9","","","","","","","","",""
"Grandiosa_Hj.laget_m/kjøttdeig_1_kgmed_kjøttdeig","",1000,"",915,219,"7,6",4,"","",27,"2,7","","",0,10,"0,8","","","","","","","","",""
"Grandiosa_Original575_gr","",575,"",910,217,"7,6","4,2","","",26,"2,7","","",0,11,"0,9","","","","","","","","",""
"Grandiosa_Pizzarull_ost&sk.155_gram","",155,"",950,220,"7,7","3,2","","",26,"0,6","","","",12,"1,2","","","","","","","","",""
"Grillpølser_eget_merke1_kilo","",1000,"","","","","","","","","","","","","","","","","","","","","","",""
"Grillpølser_Gilde600_gr","",600,"",923,222,18,6,"7,5","2,4","5,6","0,4",0,0,0,"9,5","1,8","","","","","","","","",""
"Gräddost380_gram","",380,"",1729,418,38,25,"","",0,0,"","","",19,"1,3","","","","","","","","",""
"Gudbrandsdalsost_skivet_Tine130_gr","",130,"",1835,441,28,19,"","",35,30,"","","",10,"0,7","","","","","","","","",""
"Gudbrandsdalsost_Tine500_gr","",500,"",1835,441,28,19,"","",35,30,"","","",10,"0,7","","","","","","","","",""
"Gullsalami150_gram","",150,"",1820,444,40,15,19,6,1,0,"","","",20,5,"","","","","","","","",""
"Gulost_Norvegia","","","",1458,351,27,17,"","",0,0,"","","",27,"1,2","","","","","","","","",""
"Gulost_Synnøve","","","",1404,338,26,17,"","",0,0,"","","",26,"1,2","","","","","","","","",""
"Gulost_Synnøve1_kg","",1000,"",1404,338,26,17,"","",0,0,"","","",26,"1,2","","","","","","","","",""
"Hamburgerdressing_Idun470_gr_flaske","",470,"",1025,245,22,"1,6",0,0,"9,5",7,"","",0,"0,8","1,1","","","","","","","","",""
"Hansa_Pilsner5_dl","","",500,"","","","","","","","","","","","","","","","","","","","","",""
"Havregryn_lettkokte_Axa1","","","",1550,370,"7,5","1,1","2,6","2,4",60,1,"","",10,11,0,"","","","","","","","",""
"Heineken5_dl","","",500,186,44,"0,2","0,1",0,0,"2,5","0,1",0,0,0,"0,4",0,"","","","","","","","",""
"Helmelk_Tine1_liter","","",1000,264,63,"3,5","2,3","","","4,5","4,5","","","","3,4","0,1","","","","","","","","",""
"Hobby48_gram","",48,"",1550,370,"9,4","5,6","","",64,57,"","","","3,7","0,1","","","","","","","","",""
"Hodekål/Sommerkål1_kg","",1000,"",137,32,"0,1",0,0,0,"5,2",0,"","0,1","2,6","1,4",0,"","","","","","","","",""
"Hollandaisesaus26_gram","",26,"",1665,395,"9,7","0,9","","","64,9","22,9","","",1,"11,4",5,"","","","","","","","",""
"Hvetemel2_kg","",2000,"",1433,338,"1,6","0,4","0,2","0,2","67,9","2,7","","","3,6","11,2",0,"","","","","","","","",""
"Hvetetortillas326_gr_(8_lefser)","",326,"",1264,299,"5,2","1,2",0,0,"53,2","2,1",0,0,"3,7","9,1",1,"","","","","","","","",""
"Hvit_julepølse","","","","","","","","","","","","","","","","","","","","","","","","",""
"Hvit_saus","","","",251,60,"1,4","0,8","","","7,8","4,7","","","0,1","3,8","0,7","","","","","","","","",""
"Hvitost_eget_merke1000_gram","",1000,"","","","","","","","","","","","","","","","","","","","","","",""
"Håndsåpe_Lano_Refill300_ml","","",300,"","","","","","","","","","","","","","","","","","","","","",""
"Idun_Ketchup530_gr","",530,"",391,93,0,0,"","",21,18,"","",0,"1,7","1,7","","","","","","","","",""
"Idun_Sennep490_gr","",490,"",462,111,"3,6",0,"","",15,12,"","",0,"3,8","0,7","","","","","","","","",""
"IFA_saltpastiller","","","",830,200,"0,4","0,3","","",49,47,"","","","0,9","1,8","","","","","","","","",""
"Indisk_Tandoori_Chicken290_gram","",290,"",556,132,"4,1","2,3","","",15,"0,8","","",0,"8,2","0,4","","","","","","","","",""
"Isbergsalat1_stk","","","",51,12,"0,1",0,0,"0,1","1,5",0,"",0,"1,1","0,8",0,"","","","","","","","",""
"Iskaffe_a_la_Cappuccino330_ml","","",330,246,58,"1,1","0,8","","","9,5","9,5","","","","2,6","0,3","","","","","","","","",""
"Iskaffe_a_la_Mocca330_ml","","",330,238,56,"1,1","0,8","","",9,9,"","","","2,6","0,3","","","","","","","","",""
"Italiensk_salat_eget_merke400_gram","",400,"",1496,363,"37,4","2,9","","","5,2","4,9","","0,3","0,9",1,"0,8","","","","","","","","",""
"Italiensk_salat_med_skinke180_gr","",180,"",1360,330,33,2,20,9,6,5,"","",0,2,"1,5","","","","","","","","",""
"Italienske_gryte176_gram","",176,"",490,117,"5,1","2,4","","","9,2",1,"","","",8,"0,5","","","","","","","","",""
"Jalapeños","","","",122,29,"0,4","0,1",0,"0,1","4,1",0,"",0,"2,8","0,9",0,"","","","","","","","",""
"Japp_Duo_Freia82_gr","",82,"",1890,450,"17,5",10,"","",27,0,"","","1,3","4,4","0,2","","","","","","","","",""
"Jasminris_Boil_in_B.","","","",524,123,"0,2",0,"","","","","","","0,8","2,9",0,"","","","","","","","",""
"JIF_Baderom_Spray500_ml","","",500,"","","","","","","","","","","","","","","","","","","","","",""
"JIF_Kjøkken_Spray500_ml","","",500,"","","","","","","","","","","","","","","","","","","","","",""
"JIF_Skurekrem500_ml","","",500,"","","","","","","","","","","","","","","","","","","","","",""
"JIF_Universal500_ml","","",500,"","","","","","","","","","","","","","","","","","","","","",""
"JoikakakerHermetikk_800gr","",800,"","","","","","","","","","","","","","","","","","","","","","",""
"Jordbærgele","","","",327,77,0,0,"","",19,19,"","","",0,"0,2","","","","","","","","",""
"Jordbærsyltetøy_eget_merke1000_gram","",1000,"",715,169,"0,1",0,"","",40,37,"",3,3,"0,4",0,"","","","","","","","",""
"Jordbærsyltetøy_Nora400_gr_hjemmelaget","",400,"",610,145,"0,1",0,"","",35,35,"","","1,5","0,3",0,"","","","","","","","",""
"Jubelsalami100_gr","",100,"",1618,391,35,13,17,5,1,0,"","","",18,5,"","","","","","","","",""
"Juleansjons","","","","","","","","","","","","","","","","","","","","","","","","",""
"Kalkunfilet_Naturell100_gram","",100,"",446,105,"1,2","0,4","0,5","0,3","1,6","0,4","","","",22,"1,7","","","","","","","","",""
"Kaptein_kjeks200_gr","",200,"",1700,410,"6,5","1,4","3,5","1,5",73,"2,1","","","2,7",13,"1,5","","","","","","","","",""
"Karamellsaus","","","",1615,380,0,0,"","",95,95,"","",0,0,0,"","","","","","","","",""
"Karbonadedeig_billigste_type","","","",542,129,5,"1,7","2,1","0,7",0,0,"","","",21,"0,1","","","","","","","","",""
"Karbonader_Gilde810_gr","",810,"",772,185,12,"5,2","4,4","0,5","7,3","2,3",0,0,0,12,"1,6","","","","","","","","",""
"Karbonader800_gr","","","",772,185,12,"5,2","4,4","0,5","7,3","2,3",0,0,0,12,"1,6","","","","","","","","",""
"Kelloggs_Corn_Flakes","","","",1604,378,"0,9","0,2","","",84,8,"","","0,9",7,"1,1","","","","","","","","",""
"Kesam_Vanilje300_gram_vanilje","",300,"",489,117,"6,6","4,3","","","8,1","7,8","","","","6,2","0,1","","","","","","","","",""
"Kinakålstk","","","",63,15,"0,1",0,0,0,"1,8",0,"",0,"1,2","1,1",0,"","","","","","","","",""
"King_Oscars_makrell_grov100_gram","",100,"",947,228,18,"3,8","","3,6","3,5","3,5","","",0,13,1,"","","","","","","","",""
"Kiwi3_stk","","","",210,50,"0,9","0,1","0,1","0,1","8,3",0,"",0,"2,7","0,8",0,"","","","","","","","",""
"Kiwistk","","","",210,50,"0,9","0,1","0,1","0,1","8,3",0,"",0,"2,7","0,8",0,"","","","","","","","",""
"Kjøttdeig_billigste_type400_gr","",400,"",795,153,9,"2,9","","",0,0,"","","",18,0,"","","","","","","","",""
"Kjøttkakesaus","","","",148,35,"1,1","0,1","","","5,4",1,"","",0,"0,8","0,9","","","","","","","","",""
"Kjøttkakesaus_1_pose","","","",148,35,"1,1","0,1","","","5,4",1,"","",0,"0,8","0,9","","","","","","","","",""
"Kokt_skinke_Gilde110_gr","",110,"",475,113,"3,2","1,1","1,4","0,5",2,"0,4","","","",19,"1,9","","","","","","","","",""
"Komle/raspeballer_m_vossak.600_gr","","","",719,173,11,"4,6","","",11,"1,2","","","0,9","7,5","1,2","","","","","","","","",""
"Kremet_BlomkålsuppePose","","","",130,31,"0,6","0,2","","","4,6","1,3","","","","1,6","0,9","","","","","","","","",""
"Kremet_kyllingsuppe_Toro_RIK20_gram","","","",175,42,"1,6","0,5","","","5,4","1,2","","","0,2","1,4","0,8","","","","","","","","",""
"Kremfløte_Tine3_dl","","","",1454,353,37,24,"","","2,9","2,9","","","","2,1","0,1","","","","","","","","",""
"Kremost_Ananas_og_Mandarin125_gram","","","",1171,283,26,17,"","","6,9","6,9","","","","5,4",1,"","","","","","","","",""
"Kremost_Krydder125_gram","","","",1144,277,27,17,"","","2,6","2,6","","","","5,9",1,"","","","","","","","",""
"Kremost_Naturell125_gram","","","",1142,277,27,17,"","","2,7","2,7","","","","5,7",1,"","","","","","","","",""
"Kremost_Pepper125_gram","","","",1142,277,27,17,"","","2,7","2,7","","","","5,7",1,"","","","","","","","",""
"Krokanrull71_gr","","","",2260,540,31,"18,5","","",60,"56,5","","","1,9","4,6","0,4","","","","","","","","",""
"Kroneis_Sjokolade_Dipl./Henning145_ml","","","",1242,297,"16,5","11,4","","","32,1","24,7","","","","4,4","0,2","","","","","","","","",""
"Kronenbourg_16643","","","","","","","","","","","","","","","","","","","","","","","","",""
"Krystal_Original750_ml","","","","","","","","","","","","","","","","","","","","","","","","",""
"Kulturmelk","","","",235,56,3,"1,9","","",4,4,"","","","3,3","0,1","","","","","","","","",""
"Kvikk_lunsj47gr","","","",2270,545,"31,5","19,5","","","55,5","44,5","","","2,4","8,3","0,3","","","","","","","","",""
"Kyllingfilet1_kg","","","",445,105,1,"0,3","0,4","0,2",0,0,"","","",24,"0,2","","","","","","","","",""
"Kålrotkg","","","",149,35,"0,1",0,0,0,"6,4",0,"",0,"2,7","0,9",0,"","","","","","","","",""
"Laban_Seigmenn300_gr","","","",1357,320,0,0,"","",76,55,4,"","",5,"0,1","","","","","","","","",""
"Laks4_pakning_pris_per_500_gr","","","","","","","","","","","","","","","","","","","","","","","","",""
"Lambi_tørkerull4_pk","","","","","","","","","","","","","","","","","","","","","","","","",""
"Lano_Dusjsåpe_Refill","","","","","","","","","","","","","","","","","","","","","","","","",""
"Lano_Håndsåpe300ml","","","","","","","","","","","","","","","","","","","","","","","","",""
"Lasagne_Toro310_gr_Familiepakning","","","",725,173,"8,1","3,9","","","12,7","3,6","","","0,7","12,1","0,9","","","","","","","","",""
"Lettmelk_Tine1_liter","","","",173,41,1,"0,6","","","4,5","4,5","","","","3,5","0,1","","","","","","","","",""
"Lettrømme_Tine3_dl","","","",776,188,18,11,"","","3,7","3,7","","","","2,8","0,1","","","","","","","","",""
"Leverpostei","","","",933,225,19,"5,2","8,5","3,3","3,5","1,2","","",0,10,"1,6","","","","","","","","",""
"Leverpostei_6_stk6x22gr","","","",1105,265,23,0,"","",6,0,"","",0,9,"1,7","","","","","","","","",""
"Leverpostei100_gr","","","",933,225,19,"5,2","8,5","3,3","3,5","1,2","","",0,10,"1,6","","","","","","","","",""
"Limekg","","","","","","","","","","","","","","","","","","","","","","","","",""
"Lion_King_sjokolade60_gram","","","",2023,483,"22,1","11,8","","","64,7",43,"","","1,5","5,5","0,5","","","","","","","","",""
"Lipton_Iste","","","","","","","","","","","","","","","","","","","","","","","","",""
"Lipton_Te_Yellow25_poser","","","",1660,396,"0,5","0,1","","",94,92,"","","","0,5","0,6","","","","","","","","",""
"Litago_Melk_Jordbær5_dl","","","",245,58,"1,2","0,7","","","8,6","8,5","","","","3,2","0,1","","","","","","","","",""
"Litago_Sjokolademelk_0","","","",257,61,"1,3","0,8","","","8,8","8,6","","","","3,6","0,1","","","","","","","","",""
"Lofoten_Fiskesuppe69_gram","","","",183,43,"1,1","0,2","","",6,"2,2","","","","2,2","0,8","","","","","","","","",""
"Lutefisk_helside","","","","","","","","","","","","","","","","","","","","","","","","",""
"Mager_Cottage_Cheese_Tine400_gr_mager","","","",333,79,2,"1,3","","","2,1","2,1","","","",13,"0,4","","","","","","","","",""
"Mais_2_pk2_stk","","","",357,85,"1,7","0,2","0,5","0,8","12,6",0,"","7,5","3,2",0,"","","","","","","","","",""
"Mais_eget_merke3_pk","","","",373,89,"2,4","0,5","","",12,"4,9",0,"7,1","3,8","2,9","0,4","","","","","","","","",""
"Maizena_maisstivelse400_gr","","","",1500,350,"0,5",0,"","",87,0,"","",1,"0,5",0,"","","","","","","","",""
"Makrell_i_tomat_6_pk6_stk","","","",947,228,18,"3,8","","3,6","3,5",3,0,0,0,13,1,"","","","","","","","",""
"Makrell_i_tomatStabburet","","","",1061,256,21,"3,5","9,3","6,8",3,"2,9","","","1,5",13,0,"","","","","","","","",""
"Mandelstang_Freia43_gr","","","",1925,460,"17,5","4,1","","",67,64,"","","3,7","6,4",0,"","","","","","","","",""
"Mandler_løsvekt500_gram","","","",2384,577,"49,2","3,7","30,9","12,1","6,3","3,9","","2,4","12,2","21,1",0,"","","","","","","","",""
"Mariekjeks200_gram","","","",1896,450,"12,4","1,1","9,5","1,8","74,6","18,8",0,"55,8","2,9","8,6",1,"","","","","","","","",""
"Matfløte_20%3_dl","","","",778,188,18,11,"","","3,7","3,7","","","","2,9","0,1","","","","","","","","",""
"Meksikansk_Gryte_Toro190_gr","","","",598,143,"6,1","2,8","","",12,"1,5","","","","8,9","0,5","","","","","","","","",""
"Meksikansk_tomatsuppePose","","","",266,63,"3,2","1,6","","","6,9","3,6","","","","1,5","0,8","","","","","","","","",""
"Melange_Flytende520_ml","","","",2960,720,80,7,47,21,"0,5","0,5","","","","0,5",1,"","","","","","","","",""
"Melange_Margarin","","","",2780,675,75,30,28,12,"0,5","0,5","","","","0,5","1,5","","","","","","","","",""
"Melange_margarin500_gram","","","",2780,675,75,30,28,12,"0,5","0,5","","","","0,5","1,5","","","","","","","","",""
"Melis_billigste_type500_gram","","","",1700,400,0,0,100,"","",98,2,"",0,0,"0,3","","","","","","","","",""
"Melkehjerter_Freia130_gr","","","",2400,575,"37,5",23,"","","50,5","49,5","","","2,3","7,9","0,2","","","","","","","","",""
"Melkerull_Freia74_gr","","","",2335,560,34,21,"","",53,"52,5","","","2,4","8,3","0,2","","","","","","","","",""
"Melkesjokolade_Freia200_gr","","","",2335,560,34,21,"","",53,"52,5","","","2,4","8,3","0,2","","","","","","","","",""
"Meller38_gram","","","",1561,405,"8,5","5,7","","",79,60,"","","",3,"0,6","","","","","","","","",""
"Mills_Kaviar185_gr","","","",1800,430,39,3,24,11,13,12,"","",0,8,"5,5","","","","","","","","",""
"Mills_Majones_tubetube_160_gram","","","",2900,705,77,5,47,21,2,2,"","",0,1,"0,6","","","","","","","","",""
"Mills_Majones330_gr_(2_poser)","","","",2900,705,77,5,47,21,2,2,"","",0,1,"0,6","","","","","","","","",""
"Mills_Peanøttsmør350_gram","","","",2560,620,50,9,23,17,14,9,"","",8,24,"0,6","","","","","","","","",""
"Minde_Risbrød290_gram","","","",2261,"542,1",32,20,"","",54,51,"","","",8,0,"","","","","","","","",""
"Mr_Lee_Nudler_Kjøttsmak85_gram","","","",372,90,"3,9","0,4","","",11,"0,3","","","","2,1","0,8","","","","","","","","",""
"Mr_Lee_Nudler_Kylling_koppkopp","","","",381,91,4,"0,4","","",11,"0,4","","","","2,1","0,9","","","","","","","","",""
"Mr_Lee_Nudler_Kyllingstk","","","",375,89,"3,9","0,4","","",11,"0,4","","","",2,"0,8","","","","","","","","",""
"Mr.Lee_Nudler_m/kjøtt_kopp65_gr","","","",381,95,4,"0,4","","",12,"0,4","","","","2,1","0,9","","","","","","","","",""
"Møllers_Tran500_ml_Naturell","","","","","","","","","","","","","","","","","","","","","","","","",""
"Maarud_Tortilla","","","",1290,310,"3,4","0,6","","",57,22,"","","","7,8",10,"","","","","","","","",""
"Nakkekoteletter_eget_merke1_kg","","","",935,225,17,"6,4","","",0,0,"","","",18,0,"","","","","","","","",""
"Nektarin1_Kilo","","","",205,48,"0,3",0,"0,1","0,1","9,8",0,"",0,"1,3",1,0,"","","","","","","","",""
"Nescafe_Gull","","","",484,118,"0,2","0,1","","","3,1","3,1","","","34,1","7,8","0,3","Sveits","","","","","","","",""
"Nescafé_Gull_refill100_gr","","","",484,118,"0,2","0,1","","","3,1","3,1","","","34,1","7,8","0,3","Sveits","","","","","","","",""
"New_Energy45_gr","","","",1740,410,15,9,"","",63,54,"","","","5,8","0,3","Norge","","","","","","","",""
"Nidar_Marsipanpølse5_stk","","","","","","","","","","","","","","","","","","","","","","","","",""
"Nidar_Påskefavoritter300_gram","","","","","","","","","","","","","","","","","","","","","","","","",""
"Nidar_Påskemarsipan5_pk","","","","","","","","","","","","","","","","","","","","","","","","",""
"Nidar_stor_Julegris193_gram","","","","","","","","","","","","","","","","","","","","","","","","",""
"Nonstop180_gram","","","",2000,475,18,11,"","",72,71,"","","4,9","3,2",0,"Norge","","","Melk","Soya","","Gluten","Nøtter","Peanøtter"
"Nora_Agurk_Pariser580_gram","","","",251,59,"0,1",0,"","",14,14,"","",0,"0,4",1,"Norge","","","SENNEP","","","","",""
"Nora_Sviskekompott455_gram","","","",399,95,"0,1",0,0,0,22,17,"","","1,2","0,4",0,"Norge","","","","","","","",""
"Norske_Jordbær500_gram","","","",144,34,"0,2",0,0,"0,2","6,6",0,"",0,2,"0,5",0,"Norge","","","","","","","",""
"Norvegia_skivet300gr","","","",1458,351,27,17,"","",0,0,"","","",27,"1,2","Norge","","","MELK","","","","",""
"Norvegia1_kg","","","",1458,351,27,17,"","",0,0,"","","",27,"1,2","Norge","","","","","","","",""
"Nugatti_Original500_gram","","","",2200,526,28,"3,4","","",62,61,"","",0,"4,6","0,2","Norge","","","MELK","NØTTER","SOYA","","",""
"Oboy450_gr_pose","","","",1632,386,"2,7","1,2","","",82,80,"","","6,7","4,6","0,5","Sverige","","","SOYA","","","","",""
"OMO_Color_Refill490_ml","","","","","","","","","","","","","","","","","Spania","","","","","","","",""
"Omo_Color1","","","","","","","","","","","","","","","","","Spania","","","","","","","",""
"Omo_Ultra_Hvitt1","","","","","","","","","","","","","","","","","Spania","","","","","","","",""
"Oppvasktabletter","","","","","","","","","","","","","","","","","","","","","","","","",""
"Oreo_Double157_gram","","","",2095,500,23,12,"","",68,43,"","","1,9","3,8","0,7","Spania","","","GLUTEN","SOYA","","","",""
"Ostegrill","","","",975,235,19,"7,5","7,7","1,8",5,"0,4","","","",11,"1,8","Norge","","","","","","","",""
"Oyster_Spring_Onion120_gr","","","",453,107,"0,5","0,1","","",24,20,0,0,"","1,6","1,8","Polen","","Blue dragon","FISK","BLØTDYR","","Nøtter","Peanøtter",""
"Panda_Lakris200_gr","","","",1390,327,"0,4",0,"","",76,47,"","","","3,5","0,4","Finland","","Panda","GLUTEN","","","","",""
"Pannekaker_Øko._Toro540_gr_Familiepakning","","","",630,149,"1,2","0,2","","",28,"5,4","","","","6,1","0,3","Norge","","Toro","EGG","GLUTEN","MELK","","",""
"Paprika1_kg_løsvekt","","","",110,26,"0,2","0,1",0,"0,1","4,2",0,"",0,"2,2","0,8",0,"","","","","","","","",""
"Peanøttkubbe60gr","","","",2180,520,30,"13,5","","","51,5",44,"","","3,7",10,"0,4","Litauen","","Freia peanoettkubbe","MELK","PEANØTTER","SOYA","","",""
"Pepe_Lakris_Big32_gram","","","",1390,327,"0,4",0,"","",76,47,"","","","3,5","0,4","Finland","","Pepe","GLUTEN","","","","",""
"Pepperkakedeig1_kilo","","","","","","","","","","","","","","","","","","","","","","","","",""
"Pepperoni_Grilstad100_gram","","","",1757,420,36,14,18,5,1,0,"","","",23,4,"Norge","","Grilstad","","","","","",""
"Peppersaus","","","",235,54,"1,4","0,6","","",7,"3,6","","","0,3",3,"0,9","Norge","","Toro","GLUTEN","","","","",""
"Peppes_originale_pizzabunn550_gram","","","",1125,266,"2,8","0,8","","",47,4,"","","","8,1",1,"Frankrike","","Peppes","GLUTEN","","","Melk","",""
"Peppes_saus_Original180_gram","","","",228,54,"0,2",0,"","","9,6","7,7","","","","2,4","1,8","Norge","","Peppes","","","","","",""
"Peppes_Triple_Meat545_gram","","","",978,233,"8,9","3,2","","",28,"1,8","","","",10,"1,1","Italia","","Peppes","GLUTEN","MELK","SOYA","","",""
"Pepsi_Max1","","","","1,3","0,3",0,0,"","",0,0,"","","",0,0,"Norge","","Pepsi max","","","","","",""
"Philadelphia_light200gr","","","",614,148,11,"7,1","","","5,2","5,2","","","0,4","7,4","0,7","Tyskland","","Philadelphia","MELK","","","","",""
"Piano_Jordbærgele10_dl","","","",327,77,0,0,"","",19,19,"","","",0,"0,2","Norge","","Piano","","","","","",""
"Piano_Sjokoladepudding1_liter","","","",466,111,"2,8","1,8","","",18,16,"","","","3,4","0,1","Norge","","Piano","MELK","","","","",""
"Piano_Vaniljesaus","","","",615,147,"8,4","5,3","","",15,13,"","","","2,7","0,1","Norge","","Piano","MELK","","","","",""
"Piano_vaniljesaus1_liter","","","",615,147,"8,4","5,3","","",15,13,"","","","2,7","0,1","Norge","","Piano","MELK","","","","",""
"Picnicskinke_Stabburet325_gr","","","",594,143,10,"3,2","","","2,2","0,7","","",0,11,"1,7","Norge","","Picnic skinke","","","","","",""
"Pinnekjøtt","","","","","","","","","","","","","","","","","","","","","","","","",""
"Pizza/_bakeark18","","","","","","","","","","","","","","","","","","","","","","","","",""
"Pizzafyll_Mexicana","","","",1571,371,"5,9","0,5","","","67,3","37,1","","","7,9","8,3","3,1","Norge","","Toro","","","","","",""
"Pizzafyll_Tomat_og_løk50_gr","","","",254,60,"0,6","0,1","","","10,9","7,9","","",2,"1,7","0,7","Norge","","Toro","","","","","",""
"Pizzafyll_tomat_og_urter58_gr","","","",1461,345,"3,2","0,4","","","63,8","44,8","","","10,7","9,7","3,9","Norge","","Toro","","","","","",""
"Pizzasaus","","","",228,54,"0,2",0,"","","9,6","7,7","","","","2,4","1,8","","","","","","","","",""
"Plastfolie_Glad50_m","","","","","","","","","","","","","","","","","","","","","","","","",""
"Polarbrød_Havre16_pk","","","",1090,260,4,"0,9","","",42,"6,2","","","4,8",11,"0,6","Sverige","Polarbroed","Findal og krogh as","GLUTEN","","","","",""
"Polarbrød_Hvete16_pk","","","",1200,290,"6,4","0,8","","",48,"5,4","","","3,1","8,3","0,6","Sverige","Polarbroed","Findal og krogh as","GLUTEN","","","","",""
"Polly_peanøtter330_gram","","","",2634,628,52,11,"","",14,5,"","",8,24,"1,3","Norge","Polly","Orkla confectionery & snacks norge as","PEANØTTER","","","Nøtter","",""
"Potetgull_Maarud_Paprika250_gram","","","",2050,490,32,"2,4","","",44,2,"","","","5,1","1,5","Norge","Maarud","Maarud as","","","","Melk","",""
"Potetgull_Maarud_Salt240_gr_Salt","","","",2080,500,33,"2,4","","",44,"0,5","","","","4,9","1,3","Norge","Maarud","Maarud as","","","","Melk","",""
"Potetkaker","","","","","","","","","","","","","","","","","","","","","","","","",""
"Potetmel500_gr","","","","","1367 kj","326 kcal","0,3","0,2","",81,0,"","","","0,1",0,"Norge","Hoff","Hoff sa (dv)","","","","","",""
"Potetmos_MillsVanlig","","","",1500,360,"0,5","0,1",0,0,79,2,"","",5,6,"0,5","Norge","Mills","Mills as","SULFITT","SO2","","Melk","",""
"Potetsalat_Klassisk500_gr","","","",850,210,18,1,10,5,10,2,"","",0,1,"0,8","","","","EGG","SENNEP","","","",""
"Prim_original_Tine300_gr","","","",1197,284,8,"5,2","","",46,42,"","","","6,7","0,8","Norge","Tine prim","Tine sa","MELK","","","","",""
"Pringles_Original200_gr","","","",2153,514,33,"3,6","","",51,"1,2","","","2,7",4,"1,3","Belgia","Pringles","Kellogg norge a/s","GLUTEN","","","","",""
"Prior_Kalkun","","","",503,120,"4,4","1,4","1,6",1,1,"0,4","","","",19,1,"Norge","Prior","Nortura sa p","","","","","",""
"Prior_Kalkunfilet_m_pepper100_gram","","","",480,113,"1,4","0,5","0,5","0,3","0,2","0,1","","","",25,1,"Norge","Prior","Nortura sa p","","","","","",""
"PS_sprøstekt_løk100_gr","","","",2595,618,52,21,"","",32,11,"","",0,"3,8","1,9","Norge","Ps","Orkla foods norge stabburet dv","GLUTEN","SOYA","","","",""
"Purreløkkg","","","",118,28,"0,2",0,0,"0,1","3,6",0,"",0,"2,8","1,6",0,"","","","","","","","",""
"Pærerkg","","","",182,43,"0,1",0,0,0,8,0,"","0,1","4,5","0,4",0,"","","","","","","","",""
"Q_frokost_Yoghurt","","","",312,72,"2,7","1,8","","","7,5","7,3","","","","4,5","0,1","Norge","Q-frokostyoghurt","Q-meieriene as","MELK","","","","",""
"Quaker_Cruesli_Solfrokost500_gram","","","",1773,428,13,"1,4","","",63,15,"","","","7,1",0,"Storbritannia","Quaker","Orkla foods norge stabburet dv","GLUTEN","","","Nøtter","",""
"Raspeballer_Stangeland1_kilo","","","",1399,330,"2,1","0,6","","","67,7","3,3","","","6,7",10,"2,6","Norge","Stangland","Stangeland mølle handel","GLUTEN","SO2","Sulfit","Sesam","",""
"Revet_ost_original_Tine300gr","","","",1492,359,27,17,"","",1,0,"","","",28,"1,2","Norge","Tine ekte revet ost","Tine sa","MELK","","","","",""
"Ribberull_Gilde100_gr","","","",844,203,14,"4,7","5,9","1,9","2,2","0,4","","","",17,"2,1","Norge","Gilde","Nortura sa g","","","","","",""
"Ringnes_juleøl5_dl","","","","","","","","","","","","","","","","","","","","","","","","",""
"Ringnes_Lite5_dl","","","","","","","","","","","","","","","","","","","","","","","","",""
"Ringnes_pils1_stk_0","","","","","","","","","","","","","","","","","","","","","","","","",""
"Rislunsj_m/bringebær_&_rips150_gr","","","",602,143,"5,4","3,3","","",21,13,"","","","2,9","0,2","Norge","Tine rislunsj","Tine sa","MELK","","","","",""
"Rislunsj_m/jordbær150_gr","","","",580,138,"5,4","3,3","","",19,12,"","","","2,9","0,2","Norge","Tine rislunsj","Tine sa","MELK","","","","",""
"Ritz_kjeks200_gram","","","",2023,483,22,"2,1","","",62,"8,7","","","3,4","7,9","1,4","Italia","Ritz","Mondelez norge as","GLUTEN","","","Egg","Melk","Sesam"
"Rosenkål400_gram","","","",220,52,"0,6",0,0,"0,2","4,4",0,"","0,5","4,6","5,1",0,"","","","","","","","",""
"Rosiner_eget_merke250_gram","","","",1436,339,"0,7","0,1","0,1",0,"77,2","71,4","","5,8","5,8",3,0,"","","","","","","","",""
"Rødbetsalat","","","",1480,360,33,2,21,9,14,10,"","",0,1,"0,7","","","","","","","","",""
"Rødkål450","","","",300,50,"0,5",0,"","",16,10,"","",0,"0,8",0,"","","","","","","","",""
"Rømmedressing","","","",1295,314,"31,8",14,"","","4,5",4,"","","","2,2",1,"","","","","","","","",""
"Saltstenger_Soletti250_gram","","","",1601,378,"3,1","0,3","","",73,"0,7","","","4,3",12,"4,5","Østerrike","Soletti","Maarud as","GLUTEN","","","Melk","Sesam",""
"Sennep_Maille_Dijon380_gram","","","",620,150,11,"0,6","","","3,5",2,"","","",7,"5,7","Frankrike","Maille","Unilever norge as","SENNEP","SO2","Sulfit","","",""
"Servelat_eget_merke250_gram","","","",962,232,18,"5,5","6,5","1,9","6,4","0,2","","","",11,"1,6","","","","","","","","",""
"Sitrongele125_gram","","","",1670,395,0,0,"","","89,5","89,5","","",0,"7,3","0,2","","","","","","","","",""
"Skivet_Ridderost_Tine170_gr","","","",1746,422,38,25,"","",0,0,"","","",20,"1,5","","","","","","","","",""
"Skummet_melk_Tine1_liter","","","",140,33,"0,1","0,1","","","4,5","4,5","","","","3,5","0,1","Norge","Ridderost","Tine sa","MELK","","","","",""
"Skyr_luftig_bringebær130_gram","","","",228,54,"0,2","0,1","","",4,3,"","","0,9",9,"0,1","Norge","Skyr","Q-meieriene as","MELK","","","","",""
"Skyr_luftig_sitron130_gram","","","",236,56,"0,2","0,1","","",4,4,"","","0,9",9,"0,1","Norge","Skyr","Q-meieriene as","MELK","","","","",""
"Smacks_Honnikorn375_gr","","","",1597,377,"1,6","0,3","","",81,34,"","",5,"7,1",0,"Spania","Smacks","Kellogg norge a/s","GLUTEN","","","","",""
"Smash200_gr","","","",2240,"535,9",33,17,"","",52,39,"","","","8,1","0,9","Norge","Nidar smash","Orkla confectionery & snacks norge as","MELK","SOYA","","Nøtter","",""
"Smil_Sjokolade78_gram","","","",2150,515,"26,5",16,"","","63,5",56,"","","1,4","6,1","0,2","Norge","Freia smil","Mondelez norge as","MELK","","","","",""
"Smøreost_Bacon_tube175_gr","","","",926,223,18,10,"","",0,0,"","","",16,"2,6","Norge","Kavli smoereoster","Kavli o. as hovedlager","MELK","","","","",""
"Smøreost_Skinke_tube175_gr","","","",850,205,16,"9,1","","","0,1",0,"","","",15,"2,3","Norge","Kavli smoereoster","Kavli o. as hovedlager","MELK","","","","",""
"Smågodt1_hg","","","","","","","","","","","","","","","","","","","","","","","","",""
"Snøfrisk125_gr","","","","","","","","","","","","","","","","","","","","","","","","",""
"Soft_Flora_steke_&_bake500_gr","","","","","","","","","","","","","","","","","","","","","","","","",""
"Solo_plastflaske0","","","","","","","","","","","","","","","","","","","","","","","","",""
"Solo_Plastflaske1","","","","","","","","","","","","","","","","","","","","","","","","",""
"Sopps_snarkokt_makaroni650gr","","","",1500,360,2,"0,5","","",70,"3,5","","","3,5",13,0,"Sverige","Sopps","Läntmannen cerealia as","GLUTEN","","","","",""
"Soyasaus_Kikkoman150_ml","","","",330,75,0,0,"","","3,2","0,6",0,0,0,10,"16,9","Nederland","Kikkoman","Haugen - gruppen as","GLUTEN","SOYA","","","",""
"Spaghetti_A_la_Capri870_gram","","","",443,106,"4,5",1,"","",12,"2,6","","",0,"3,6","0,9","Norge","Trondhjems","Orkla foods norge stabburet dv","GLUTEN","SOYA","","","Egg",""
"Spenol250_ml_fuktighetskrem","","","","","","","","","","","","","","","","","","","","","","","","",""
"Spice_Mix_Fajitas30_gram","","","",1311,313,"1,3","0,2",0,0,"67,2",60,0,0,"0,2","6,3","17,8","Estland","Santa maria","Santa maria norge as","","","","","",""
"Sriracha-Saus215_ml","","","",375,89,1,"0,3","","","15,9",14,0,0,"","3,1","8,6","Nederland","o-tan","Haugen - gruppen as","","","","","",""
"Stabbur-Makrell","","","",1061,256,21,"3,5","9,3","6,8",3,"2,9","","","1,5",13,0,"Sverige","Stabburet","Orkla foods norge stabburet dv","","FISK","","","",""
"Stjernebacon140_gr","","","",1246,301,27,"9,7",12,"3,8","0,5","0,5","","","",14,"2,4","Norge","Gilde","Nortura sa g","","","","","",""
"Storfe_Ytrefilet150_gram","","","",463,110,"2,3",1,"0,9","0,1",0,0,0,0,0,"22,2","0,1","Norge","First price","Unil as d","","","","","",""
"Strandaskinke70_gr","","","",1000,239,14,5,7,2,0,0,"","","",28,8,"Norge","Stranda","Grilstad as","","","","","",""
"Sukkerkulør","","","",273,65,0,0,"","",52,16,"","",0,0,"3,4","","","","","","","","",""
"Sun_Lolly_Jordbær10_stk","","","",340,85,0,0,"","",21,20,"","","",0,0,"Danmark","Sun lolly","Multibev as c/o cuveco as","","","","","",""
"Sunmaid_rosiner500_gr","","","",1322,316,"0,7",0,"","","76,9","71,4","","","5,8",3,0,"USA","Sun maid","Arvid nordquist norge","","","","","",""
"Surkål_Nora450_gram","","","",211,46,"0,7",0,"","",10,"9,4","","",0,1,0,"Norge","Nora","Orkla foods norge stabburet dv","","","","","",""
"Sursild_eget_merke1_kilo","","","",369,88,4,"0,8","","",10,"9,3",0,"0,7",0,3,"1,4","","","","","","","","",""
"Svin_Indrefilet500_gram","","","",489,116,"3,1",1,"1,2","0,5",0,0,"","","",22,"0,1","","","","","","","","",""
"Svisker","","","",1168,276,"0,2",0,"","","62,5","25,1","","37,4",8,2,0,"","","","","","","","",""
"Sweet_Baby_Rays510_gram","","","",837,200,"0,2","0,1","",0,47,43,0,0,0,"0,9","1,9","USA","Sweet baby ray's","Haugen - gruppen as","SENNEP","","","","",""
"Sætre_Snackers120_gr","","","",2250,550,31,4,"","",60,"5,8","","",1,"5,3","1,3","Sverige","Saetre","Orkla confectionery & snacks norge as","GLUTEN","","","","",""
"Taco_dinner_kit","","","",1931,461,20,2,"","","61,2","0,8","","60,4",5,"6,5","0,9","Belgia","First price","Unil as d","","","","","",""
"Taco_salsa_medium","","","",131,31,0,0,"","",5,"3,6","","","1,6","1,5",1,"Sverige","Santa maria","Santa maria norge as","","","","","",""
"Taco_shells","","","",2126,509,27,"2,3","","","59,2",1,"","","3,6","5,4","0,1","Spania","Old el paso","Haugen - gruppen as","Gluten","","","","",""
"Taco_spice_mix_3X25G","","","",1300,306,"6,1","0,8",0,0,52,15,0,0,"0,2","8,9",18,"Spania","Old el paso","Haugen - gruppen as","","","","","",""
"Tacosaus_billigste_type","","","",184,44,"0,2","0,1","","",8,4,"",4,"2,5","1,2","1,8","","","","","","","","",""
"Tacosaus_eget_merke","","","","","","","","","","","","","","","","","","","","","","","","",""
"Tacosaus_Hot","","","",145,34,0,0,"","","5,8","4,3","","","1,9","1,4","1,2","","","","","","","","",""
"Tacosaus_Medium","","","",131,31,0,0,"","",5,"3,6","","","1,6","1,5",1,"","","","","","","","",""
"Thousand_Island","","","",782,187,16,"1,1","","",9,"5,4","","",0,"1,8",2,"Norge","Idun","Orkla foods norge stabburet dv","EGG","SENNEP","","","",""
"Tine_Meierismør1/2_kilo","","","",3051,742,82,53,"","","0,5","0,5","","","","0,5","1,1","Norge","Tine smoer normalsaltet","Tine sa","MELK","","","","",""
"Tine_Sjokomelk1_lit","","","",251,59,"1,2","0,8","","","8,8","8,6","","","","3,3","0,1","Norge","Tine smoer normalsaltet","Tine sa","MELK","","","","",""
"Tine_Yoghurt_Jordbær_4pk4x150gr","","","",370,88,3,2,12,11,"","","","","","3,7","0,1","Norge","Tine smoer normalsaltet","Tine sa","MELK","","","","",""
"Tine_Yoghurt_Melon/pasjonsfrukt_4pk4x150gr","","","",377,90,3,2,"","",12,11,"","","","3,7","0,1","Norge","Tine smoer normalsaltet","Tine sa","MELK","","","","",""
"Tine_Yoghurt_Vanilje_4pk4_pk","","","",379,90,3,2,"","",12,12,"","","","3,6","0,1","Norge","Tine smoer normalsaltet","Tine sa","MELK","","","","",""
"Tine_Yoghurt_Vanilje500_gram","","","",379,90,3,2,"","",12,12,"","","","3,6","0,1","Norge","Tine smoer normalsaltet","Tine sa","MELK","","","","",""
"Tomatbønner","","","",351,83,"0,6",0,"0,1",0,14,"5,7","","",0,"3,8","1,2","","","","","","","","",""
"Tomatpurre_Staveland180_gr","Tomatpurre Stavland180 gr","","",310,73,"0,4","0,1",0,0,"13,4","13,2","","","",4,"0,1","Norge","Stavland","Stavland hermetikk as d","","","","","",""
"Tomatsuppe_m/makaroni119_gr","","","",148,35,"0,4",0,"","","6,8","2,2","","","","0,9","0,6","Norge","Toro","Orkla foods norge stabburet dv","GLUTEN","MELK","","","",""
"Tomatsuppe_Original91_gr","","","",133,31,"0,4",0,"",0,6,"2,5","","","","0,8","0,7","","","","","","","","",""
"Tomtegløgg_Original500_ml","","","","","","","","","","","","","","","","","","","","","","","","",""
"Toppris60gr","","","2047 kj","489 kcal",23,13,"","","",65,54,"","","2,3","4,6","0,3","","","","","","","","",""
"Toro_Brownies530_gram","","","",1649,392,13,"1,4","","",63,48,"","","","4,8","0,5","","","","","","","","",""
"Toro_Pizzabunn_familiepakn.370_gram","","","",1222,289,"4,6","0,4","","",50,"1,2","","","2,9","10,5","0,6","","","","","","","","",""
"Torsk_m_purresaus","","","","","","","","","","","","","","","","","","","","","","","","",""
"Tortillas_beger8_stk","","","",1400,332,8,"0,9","","","54,2",0,"","54,2",3,"9,3","1,3","","","","","","","","",""
"Totalsum","","","","","","","","","","","","","","","","","","","","","","","","",""
"Troika66_gr","","","","","1680 kj","400 kcal",18,"9,7","",57,50,"","","","3,1",0,"","","","","","","","",""
"Trondhjems_brun_lapskaus800","","","",389,93,"4,8",1,"","","8,8","2,2","","",0,"2,8","0,8","","","","","","","","",""
"Tuborg_juleøl5_dl","","","","","","","","","","","","","","","","","","","","","","","","",""
"Tuborg_Lite5_dl","","","","","","","","","","","","","","","","","","","","","","","","",""
"Tuborg_liten_boks3","","","","","","","","","","","","","","","","","","","","","","","","",""
"Tuborg_pils5_dl","","","","","","","","","","","","","","","","","","","","","","","","",""
"Tunfisk_i_Olivenolje_eget_merke185_gram","","","",812,194,11,"2,1","","","2,9","0,3","","",0,26,1,"","","","","","","","",""
"Tynnribbe","","","","","","","","","","","","","","","","","","","","","","","","",""
"Tyttebærsyltetøy_Nora_Hj.laget400_gr__","","","",662,158,"0,4",0,"","",37,37,"","","2,5","0,4",0,"","","","","","","","",""
"Uncle_Ben`s_Sweet_&_Sour_Original450_gr","","","",303,71,"0,2",0,"","","16,4","13,2","","","","0,4","0,4","","","","","","","","",""
"Uncle_Bens_Tikka_Masala450_gram","","","",361,87,"4,5",1,"","","9,2","6,4","","","","1,6","0,8","","","","","","","","",""
"Vafler_liten_pk","","","",1277,305,14,"1,2","","",38,"9,3","","","","6,5","0,9","","","","","","","","",""
"Vafler_Toro_Fam/Pk591_gr_","","","",1277,305,14,"1,2","","",38,"9,3","","","","6,5","0,9","","","","","","","","",""
"Vaniljeis_eget_merke3_liter","","","",654,156,"6,2","4,2","","","20,7","20,7","","","","4,1","0,1","","","","","","","","",""
"Vannmelon1_kilo","","","",150,35,"0,1",0,0,0,"7,6",0,"",0,"0,5","0,8",0,"","","","","","","","",""
"Vitaminbjørner_Collet_ny60_stk","","","",855,205,"0,5","","","","69,5","0,5","","","7,5","0,5","","","","","","","","","",""
"Vossafår91_gr","","","",1273,306,23,11,"","",1,"0,8","","",0,24,0,"","","","","","","","",""
"Wasa_Rugsprø200gr","","","",1450,340,2,"0,4","","",60,2,"","",19,11,"1,3","","","","","","","","",""
"WC_Duck_Blått1_stk","","","","","","","","","","","","","","","","","","","","","","","","",""
"Whiskas_Sticks_Laks1_stk","","","","","","","","","","","","","","","","","","","","","","","","",""
"Wienerpølser_Gilde520_gr","","","",930,224,18,"7,2","8,4","2,4","5,5","0,4","","","",10,"1,7","","","","","","","","",""
"Woksaus_Sweet_and_sour120_gr","","","",644,154,0,0,"","","38,4","33,7",0,0,"","0,1","0,8","","","","","","","","",""
"Woksaus_Teriyaki120_gram","","","",488,115,"0,2",0,"","",27,22,0,0,"","1,3","1,7","","","","","","","","",""
"Yoplait_Yoghurt_Vanilje4_stk","","","",181,43,"0,1","0,1","","",6,"5,8","","","1,2","4,5","0,1","","","","","","","","",""
"Aas_juleøl5_dl","","","","","","","","","","","","","","","","","","","","","","","","",""
