"Fylkesnr_2019","Fylkesnavn_2019","Kommunenr_2019","Kommunenavn_2019","Fylkesnr_2020","Fylkesnavn_2020","Kommunenr_2020","Kommunenavn_2020","Region"
"01","ØSTFOLD","0101","HALDEN",30,"VIKEN",3001,"HALDEN","Vestre Østland"
"01","ØSTFOLD","0104","MOSS",30,"VIKEN",3002,"MOSS","Vestre Østland"
"01","ØSTFOLD","0105","SARPSBORG",30,"VIKEN",3003,"SARPSBORG","Vestre Østland"
"01","ØSTFOLD","0106","FREDRIKSTAD",30,"VIKEN",3004,"FREDRIKSTAD","Vestre Østland"
"01","ØSTFOLD","0111","HVALER",30,"VIKEN",3011,"HVALER","Vestre Østland"
"01","ØSTFOLD","0118","AREMARK",30,"VIKEN",3012,"AREMARK","Vestre Østland"
"01","ØSTFOLD","0119","MARKER",30,"VIKEN",3013,"MARKER","Vestre Østland"
"01","ØSTFOLD","0121","RØMSKOG",30,"VIKEN",3026,"AURSKOG-HØLAND","Vestre Østland"
"01","ØSTFOLD","0122","TRØGSTAD",30,"VIKEN",3014,"INDRE ØSTFOLD","Vestre Østland"
"01","ØSTFOLD","0123","SPYDEBERG",30,"VIKEN",3014,"INDRE ØSTFOLD","Vestre Østland"
"01","ØSTFOLD","0124","ASKIM",30,"VIKEN",3014,"INDRE ØSTFOLD","Vestre Østland"
"01","ØSTFOLD","0125","EIDSBERG",30,"VIKEN",3014,"INDRE ØSTFOLD","Vestre Østland"
"01","ØSTFOLD","0127","SKIPTVET",30,"VIKEN",3015,"SKIPTVET","Vestre Østland"
"01","ØSTFOLD","0128","RAKKESTAD",30,"VIKEN",3016,"RAKKESTAD","Vestre Østland"
"01","ØSTFOLD","0135","RÅDE",30,"VIKEN",3017,"RÅDE","Vestre Østland"
"01","ØSTFOLD","0136","RYGGE",30,"VIKEN",3002,"MOSS","Vestre Østland"
"01","ØSTFOLD","0137","VÅLER (ØSTF.)",30,"VIKEN",3018,"VÅLER (VIKEN)","Vestre Østland"
"01","ØSTFOLD","0138","HOBØL",30,"VIKEN",3014,"INDRE ØSTFOLD","Vestre Østland"
"02","AKERSHUS","0211","VESTBY",30,"VIKEN",3019,"VESTBY","Vestre Østland"
"02","AKERSHUS","0213","SKI",30,"VIKEN",3020,"NORDRE FOLLO","Vestre Østland"
"02","AKERSHUS","0214","ÅS",30,"VIKEN",3021,"ÅS","Vestre Østland"
"02","AKERSHUS","0215","FROGN",30,"VIKEN",3022,"FROGN","Vestre Østland"
"02","AKERSHUS","0216","NESODDEN",30,"VIKEN",3023,"NESODDEN","Vestre Østland"
"02","AKERSHUS","0217","OPPEGÅRD",30,"VIKEN",3020,"NORDRE FOLLO","Vestre Østland"
"02","AKERSHUS","0219","BÆRUM",30,"VIKEN",3024,"BÆRUM","Vestre Østland"
"02","AKERSHUS","0220","ASKER",30,"VIKEN",3025,"ASKER","Vestre Østland"
"02","AKERSHUS","0221","AURSKOG-HØLAND",30,"VIKEN",3026,"AURSKOG-HØLAND","Vestre Østland"
"02","AKERSHUS","0226","SØRUM",30,"VIKEN",3030,"LILLESTRØM","Vestre Østland"
"02","AKERSHUS","0227","FET",30,"VIKEN",3030,"LILLESTRØM","Vestre Østland"
"02","AKERSHUS","0228","RÆLINGEN",30,"VIKEN",3027,"RÆLINGEN","Vestre Østland"
"02","AKERSHUS","0229","ENEBAKK",30,"VIKEN",3028,"ENEBAKK","Vestre Østland"
"02","AKERSHUS","0230","LØRENSKOG",30,"VIKEN",3029,"LØRENSKOG","Vestre Østland"
"02","AKERSHUS","0231","SKEDSMO",30,"VIKEN",3030,"LILLESTRØM","Vestre Østland"
"02","AKERSHUS","0233","NITTEDAL",30,"VIKEN",3031,"NITTEDAL","Vestre Østland"
"02","AKERSHUS","0234","GJERDRUM",30,"VIKEN",3032,"GJERDRUM","Vestre Østland"
"02","AKERSHUS","0235","ULLENSAKER",30,"VIKEN",3033,"ULLENSAKER","Vestre Østland"
"02","AKERSHUS","0236","NES (AKERSHUS)",30,"VIKEN",3034,"NES","Vestre Østland"
"02","AKERSHUS","0237","EIDSVOLL",30,"VIKEN",3035,"EIDSVOLL","Vestre Østland"
"02","AKERSHUS","0238","NANNESTAD",30,"VIKEN",3036,"NANNESTAD","Vestre Østland"
"02","AKERSHUS","0239","HURDAL",30,"VIKEN",3037,"HURDAL","Vestre Østland"
"03","OSLO","0301","OSLO","03","OSLO","0301","OSLO","Oslo"
"04","HEDMARK","0402","KONGSVINGER",34,"INNLANDET",3401,"KONGSVINGER","Vestre Østland"
"04","HEDMARK","0403","HAMAR",34,"INNLANDET",3403,"HAMAR","Vestre Østland"
"04","HEDMARK","0412","RINGSAKER",34,"INNLANDET",3411,"RINGSAKER","Vestre Østland"
"04","HEDMARK","0415","LØTEN",34,"INNLANDET",3412,"LØTEN","Vestre Østland"
"04","HEDMARK","0417","STANGE",34,"INNLANDET",3413,"STANGE","Vestre Østland"
"04","HEDMARK","0418","NORD-ODAL",34,"INNLANDET",3414,"NORD-ODAL","Vestre Østland"
"04","HEDMARK","0419","SØR-ODAL",34,"INNLANDET",3415,"SØR-ODAL","Vestre Østland"
"04","HEDMARK","0420","EIDSKOG",34,"INNLANDET",3416,"EIDSKOG","Vestre Østland"
"04","HEDMARK","0423","GRUE",34,"INNLANDET",3417,"GRUE","Vestre Østland"
"04","HEDMARK","0425","ÅSNES",34,"INNLANDET",3418,"ÅSNES","Vestre Østland"
"04","HEDMARK","0426","VÅLER (HEDM.)",34,"INNLANDET",3419,"VÅLER (INNLANDET)","Vestre Østland"
"04","HEDMARK","0427","ELVERUM",34,"INNLANDET",3420,"ELVERUM","Vestre Østland"
"04","HEDMARK","0428","TRYSIL",34,"INNLANDET",3421,"TRYSIL","Vestre Østland"
"04","HEDMARK","0429","ÅMOT",34,"INNLANDET",3422,"ÅMOT","Vestre Østland"
"04","HEDMARK","0430","STOR-ELVDAL",34,"INNLANDET",3423,"STOR-ELVDAL","Vestre Østland"
"04","HEDMARK","0432","RENDALEN",34,"INNLANDET",3424,"RENDALEN","Vestre Østland"
"04","HEDMARK","0434","ENGERDAL",34,"INNLANDET",3425,"ENGERDAL","Vestre Østland"
"04","HEDMARK","0436","TOLGA",34,"INNLANDET",3426,"TOLGA","Vestre Østland"
"04","HEDMARK","0437","TYNSET",34,"INNLANDET",3427,"TYNSET","Vestre Østland"
"04","HEDMARK","0438","ALVDAL",34,"INNLANDET",3428,"ALVDAL","Vestre Østland"
"04","HEDMARK","0439","FOLLDAL",34,"INNLANDET",3429,"FOLLDAL","Vestre Østland"
"04","HEDMARK","0441","OS (HEDM.)",34,"INNLANDET",3430,"OS (INNLANDET)","Vestre Østland"
"05","OPPLAND","0501","LILLEHAMMER",34,"INNLANDET",3405,"LILLEHAMMER","Vestre Østland"
"05","OPPLAND","0502","GJØVIK",34,"INNLANDET",3407,"GJØVIK","Vestre Østland"
"05","OPPLAND","0511","DOVRE",34,"INNLANDET",3431,"DOVRE","Vestre Østland"
"05","OPPLAND","0512","LESJA",34,"INNLANDET",3432,"LESJA","Vestre Østland"
"05","OPPLAND","0513","SKJÅK",34,"INNLANDET",3433,"SKJÅK","Vestre Østland"
"05","OPPLAND","0514","LOM",34,"INNLANDET",3434,"LOM","Vestre Østland"
"05","OPPLAND","0515","VÅGÅ",34,"INNLANDET",3435,"VÅGÅ","Vestre Østland"
"05","OPPLAND","0516","NORD-FRON",34,"INNLANDET",3436,"NORD-FRON","Vestre Østland"
"05","OPPLAND","0517","SEL",34,"INNLANDET",3437,"SEL","Vestre Østland"
"05","OPPLAND","0519","SØR-FRON",34,"INNLANDET",3438,"SØR-FRON","Vestre Østland"
"05","OPPLAND","0520","RINGEBU",34,"INNLANDET",3439,"RINGEBU","Vestre Østland"
"05","OPPLAND","0521","ØYER",34,"INNLANDET",3440,"ØYER","Vestre Østland"
"05","OPPLAND","0522","GAUSDAL",34,"INNLANDET",3441,"GAUSDAL","Vestre Østland"
"05","OPPLAND","0528","ØSTRE TOTEN",34,"INNLANDET",3442,"ØSTRE TOTEN","Vestre Østland"
"05","OPPLAND","0529","VESTRE TOTEN",34,"INNLANDET",3443,"VESTRE TOTEN","Vestre Østland"
"05","OPPLAND","0532","JEVNAKER",30,"VIKEN",3053,"JEVNAKER","Vestre Østland"
"05","OPPLAND","0533","LUNNER",30,"VIKEN",3054,"LUNNER","Vestre Østland"
"05","OPPLAND","0534","GRAN",34,"INNLANDET",3446,"GRAN","Vestre Østland"
"05","OPPLAND","0536","SØNDRE LAND",34,"INNLANDET",3447,"SØNDRE LAND","Vestre Østland"
"05","OPPLAND","0538","NORDRE LAND",34,"INNLANDET",3448,"NORDRE LAND","Vestre Østland"
"05","OPPLAND","0540","SØR-AURDAL",34,"INNLANDET",3449,"SØR-AURDAL","Vestre Østland"
"05","OPPLAND","0541","ETNEDAL",34,"INNLANDET",3450,"ETNEDAL","Vestre Østland"
"05","OPPLAND","0542","NORD-AURDAL",34,"INNLANDET",3451,"NORD-AURDAL","Vestre Østland"
"05","OPPLAND","0543","VESTRE SLIDRE",34,"INNLANDET",3452,"VESTRE SLIDRE","Vestre Østland"
"05","OPPLAND","0544","ØYSTRE SLIDRE",34,"INNLANDET",3453,"ØYSTRE SLIDRE","Vestre Østland"
"05","OPPLAND","0545","VANG",34,"INNLANDET",3454,"VANG","Vestre Østland"
"06","BUSKERUD","0602","DRAMMEN",30,"VIKEN",3005,"DRAMMEN","Vestre Østland"
"06","BUSKERUD","0604","KONGSBERG",30,"VIKEN",3006,"KONGSBERG","Vestre Østland"
"06","BUSKERUD","0605","RINGERIKE",30,"VIKEN",3007,"RINGERIKE","Vestre Østland"
"06","BUSKERUD","0612","HOLE",30,"VIKEN",3038,"HOLE","Vestre Østland"
"06","BUSKERUD","0615","FLÅ",30,"VIKEN",3039,"FLÅ","Vestre Østland"
"06","BUSKERUD","0616","NES (BUSK.)",30,"VIKEN",3040,"NESBYEN","Vestre Østland"
"06","BUSKERUD","0617","GOL",30,"VIKEN",3041,"GOL","Vestre Østland"
"06","BUSKERUD","0618","HEMSEDAL",30,"VIKEN",3042,"HEMSEDAL","Vestre Østland"
"06","BUSKERUD","0619","ÅL",30,"VIKEN",3043,"ÅL","Vestre Østland"
"06","BUSKERUD","0620","HOL",30,"VIKEN",3044,"HOL","Vestre Østland"
"06","BUSKERUD","0621","SIGDAL",30,"VIKEN",3045,"SIGDAL","Vestre Østland"
"06","BUSKERUD","0622","KRØDSHERAD",30,"VIKEN",3046,"KRØDSHERAD","Vestre Østland"
"06","BUSKERUD","0623","MODUM",30,"VIKEN",3047,"MODUM","Vestre Østland"
"06","BUSKERUD","0624","ØVRE EIKER",30,"VIKEN",3048,"ØVRE EIKER","Vestre Østland"
"06","BUSKERUD","0625","NEDRE EIKER",30,"VIKEN",3005,"DRAMMEN","Vestre Østland"
"06","BUSKERUD","0626","LIER",30,"VIKEN",3049,"LIER","Vestre Østland"
"06","BUSKERUD","0627","RØYKEN",30,"VIKEN",3025,"ASKER","Vestre Østland"
"06","BUSKERUD","0628","HURUM",30,"VIKEN",3025,"ASKER","Vestre Østland"
"06","BUSKERUD","0631","FLESBERG",30,"VIKEN",3050,"FLESBERG","Vestre Østland"
"06","BUSKERUD","0632","ROLLAG",30,"VIKEN",3051,"ROLLAG","Vestre Østland"
"06","BUSKERUD","0633","NORE OG UVDAL",30,"VIKEN",3052,"NORE OG UVDAL","Vestre Østland"
"07","VESTFOLD","0701","HORTEN",38,"VESTFOLD OG TELEMARK",3801,"HORTEN","Vestre Østland"
"07","VESTFOLD","0704","TØNSBERG",38,"VESTFOLD OG TELEMARK",3803,"TØNSBERG","Vestre Østland"
"07","VESTFOLD","0710","SANDEFJORD",38,"VESTFOLD OG TELEMARK",3804,"SANDEFJORD","Vestre Østland"
"07","VESTFOLD","0711","SVELVIK",30,"VIKEN",3005,"DRAMMEN","Vestre Østland"
"07","VESTFOLD","0712","LARVIK",38,"VESTFOLD OG TELEMARK",3805,"LARVIK","Vestre Østland"
"07","VESTFOLD","0713","SANDE (VESTF.)",38,"VESTFOLD OG TELEMARK",3802,"HOLMESTRAND","Vestre Østland"
"07","VESTFOLD","0715","HOLMESTRAND",38,"VESTFOLD OG TELEMARK",3802,"HOLMESTRAND","Vestre Østland"
"07","VESTFOLD","0716","RE",38,"VESTFOLD OG TELEMARK",3803,"TØNSBERG","Vestre Østland"
"07","VESTFOLD","0729","FÆRDER",38,"VESTFOLD OG TELEMARK",3811,"FÆRDER","Vestre Østland"
"08","TELEMARK","0805","PORSGRUNN",38,"VESTFOLD OG TELEMARK",3806,"PORSGRUNN","Vestre Østland"
"08","TELEMARK","0806","SKIEN",38,"VESTFOLD OG TELEMARK",3807,"SKIEN","Vestre Østland"
"08","TELEMARK","0807","NOTODDEN",38,"VESTFOLD OG TELEMARK",3808,"NOTODDEN","Vestre Østland"
"08","TELEMARK","0811","SILJAN",38,"VESTFOLD OG TELEMARK",3812,"SILJAN","Vestre Østland"
"08","TELEMARK","0814","BAMBLE",38,"VESTFOLD OG TELEMARK",3813,"BAMBLE","Vestre Østland"
"08","TELEMARK","0815","KRAGERØ",38,"VESTFOLD OG TELEMARK",3814,"KRAGERØ","Vestre Østland"
"08","TELEMARK","0817","DRANGEDAL",38,"VESTFOLD OG TELEMARK",3815,"DRANGEDAL","Vestre Østland"
"08","TELEMARK","0819","NOME",38,"VESTFOLD OG TELEMARK",3816,"NOME","Vestre Østland"
"08","TELEMARK","0821","BØ (TELEM.)",38,"VESTFOLD OG TELEMARK",3817,"MIDT-TELEMARK","Vestre Østland"
"08","TELEMARK","0822","SAUHERAD",38,"VESTFOLD OG TELEMARK",3817,"MIDT-TELEMARK","Vestre Østland"
"08","TELEMARK","0826","TINN",38,"VESTFOLD OG TELEMARK",3818,"TINN","Vestre Østland"
"08","TELEMARK","0827","HJARTDAL",38,"VESTFOLD OG TELEMARK",3819,"HJARTDAL","Vestre Østland"
"08","TELEMARK","0828","SELJORD",38,"VESTFOLD OG TELEMARK",3820,"SELJORD","Vestre Østland"
"08","TELEMARK","0829","KVITESEID",38,"VESTFOLD OG TELEMARK",3821,"KVITESEID","Vestre Østland"
"08","TELEMARK","0830","NISSEDAL",38,"VESTFOLD OG TELEMARK",3822,"NISSEDAL","Vestre Østland"
"08","TELEMARK","0831","FYRESDAL",38,"VESTFOLD OG TELEMARK",3823,"FYRESDAL","Vestre Østland"
"08","TELEMARK","0833","TOKKE",38,"VESTFOLD OG TELEMARK",3824,"TOKKE","Vestre Østland"
"08","TELEMARK","0834","VINJE",38,"VESTFOLD OG TELEMARK",3825,"VINJE","Vestre Østland"
"09","AUST-AGDER","0901","RISØR",42,"AGDER",4201,"RISØR","Vestlandet"
"09","AUST-AGDER","0904","GRIMSTAD",42,"AGDER",4202,"GRIMSTAD","Vestlandet"
"09","AUST-AGDER","0906","ARENDAL",42,"AGDER",4203,"ARENDAL","Vestlandet"
"09","AUST-AGDER","0911","GJERSTAD",42,"AGDER",4211,"GJERSTAD","Vestlandet"
"09","AUST-AGDER","0912","VEGÅRSHEI",42,"AGDER",4212,"VEGÅRSHEI","Vestlandet"
"09","AUST-AGDER","0914","TVEDESTRAND",42,"AGDER",4213,"TVEDESTRAND","Vestlandet"
"09","AUST-AGDER","0919","FROLAND",42,"AGDER",4214,"FROLAND","Vestlandet"
"09","AUST-AGDER","0926","LILLESAND",42,"AGDER",4215,"LILLESAND","Vestlandet"
"09","AUST-AGDER","0928","BIRKENES",42,"AGDER",4216,"BIRKENES","Vestlandet"
"09","AUST-AGDER","0929","ÅMLI",42,"AGDER",4217,"ÅMLI","Vestlandet"
"09","AUST-AGDER","0935","IVELAND",42,"AGDER",4218,"IVELAND","Vestlandet"
"09","AUST-AGDER","0937","EVJE OG HORNNES",42,"AGDER",4219,"EVJE OG HORNNES","Vestlandet"
"09","AUST-AGDER","0938","BYGLAND",42,"AGDER",4220,"BYGLAND","Vestlandet"
"09","AUST-AGDER","0940","VALLE",42,"AGDER",4221,"VALLE","Vestlandet"
"09","AUST-AGDER","0941","BYKLE",42,"AGDER",4222,"BYKLE","Vestlandet"
10,"VEST-AGDER",1001,"KRISTIANSAND",42,"AGDER",4204,"KRISTIANSAND","Vestlandet"
10,"VEST-AGDER",1002,"MANDAL",42,"AGDER",4205,"LINDESNES","Vestlandet"
10,"VEST-AGDER",1003,"FARSUND",42,"AGDER",4206,"FARSUND","Vestlandet"
10,"VEST-AGDER",1004,"FLEKKEFJORD",42,"AGDER",4207,"FLEKKEFJORD","Vestlandet"
10,"VEST-AGDER",1014,"VENNESLA",42,"AGDER",4223,"VENNESLA","Vestlandet"
10,"VEST-AGDER",1017,"SONGDALEN",42,"AGDER",4204,"KRISTIANSAND","Vestlandet"
10,"VEST-AGDER",1018,"SØGNE",42,"AGDER",4204,"KRISTIANSAND","Vestlandet"
10,"VEST-AGDER",1021,"MARNARDAL",42,"AGDER",4205,"LINDESNES","Vestlandet"
10,"VEST-AGDER",1026,"ÅSERAL",42,"AGDER",4224,"ÅSERAL","Vestlandet"
10,"VEST-AGDER",1027,"AUDNEDAL",42,"AGDER",4225,"LYNGDAL","Vestlandet"
10,"VEST-AGDER",1029,"LINDESNES",42,"AGDER",4205,"LINDESNES","Vestlandet"
10,"VEST-AGDER",1032,"LYNGDAL",42,"AGDER",4225,"LYNGDAL","Vestlandet"
10,"VEST-AGDER",1034,"HÆGEBOSTAD",42,"AGDER",4226,"HÆGEBOSTAD","Vestlandet"
10,"VEST-AGDER",1037,"KVINESDAL",42,"AGDER",4227,"KVINESDAL","Vestlandet"
10,"VEST-AGDER",1046,"SIRDAL",42,"AGDER",4228,"SIRDAL","Vestlandet"
11,"ROGALAND",1101,"EIGERSUND",11,"ROGALAND",1101,"EIGERSUND","Vestlandet"
11,"ROGALAND",1102,"SANDNES",11,"ROGALAND",1108,"SANDNES","Vestlandet"
11,"ROGALAND",1103,"STAVANGER",11,"ROGALAND",1103,"STAVANGER","Vestlandet"
11,"ROGALAND",1106,"HAUGESUND",11,"ROGALAND",1106,"HAUGESUND","Vestlandet"
11,"ROGALAND",1111,"SOKNDAL",11,"ROGALAND",1111,"SOKNDAL","Vestlandet"
11,"ROGALAND",1112,"LUND",11,"ROGALAND",1112,"LUND","Vestlandet"
11,"ROGALAND",1114,"BJERKREIM",11,"ROGALAND",1114,"BJERKREIM","Vestlandet"
11,"ROGALAND",1119,"HÅ",11,"ROGALAND",1119,"HÅ","Vestlandet"
11,"ROGALAND",1120,"KLEPP",11,"ROGALAND",1120,"KLEPP","Vestlandet"
11,"ROGALAND",1121,"TIME",11,"ROGALAND",1121,"TIME","Vestlandet"
11,"ROGALAND",1122,"GJESDAL",11,"ROGALAND",1122,"GJESDAL","Vestlandet"
11,"ROGALAND",1124,"SOLA",11,"ROGALAND",1124,"SOLA","Vestlandet"
11,"ROGALAND",1127,"RANDABERG",11,"ROGALAND",1127,"RANDABERG","Vestlandet"
11,"ROGALAND",1129,"FORSAND",11,"ROGALAND",1108,"SANDNES","Vestlandet"
11,"ROGALAND",1130,"STRAND",11,"ROGALAND",1130,"STRAND","Vestlandet"
11,"ROGALAND",1133,"HJELMELAND",11,"ROGALAND",1133,"HJELMELAND","Vestlandet"
11,"ROGALAND",1134,"SULDAL",11,"ROGALAND",1134,"SULDAL","Vestlandet"
11,"ROGALAND",1135,"SAUDA",11,"ROGALAND",1135,"SAUDA","Vestlandet"
11,"ROGALAND",1141,"FINNØY",11,"ROGALAND",1103,"STAVANGER","Vestlandet"
11,"ROGALAND",1142,"RENNESØY",11,"ROGALAND",1103,"STAVANGER","Vestlandet"
11,"ROGALAND",1144,"KVITSØY",11,"ROGALAND",1144,"KVITSØY","Vestlandet"
11,"ROGALAND",1145,"BOKN",11,"ROGALAND",1145,"BOKN","Vestlandet"
11,"ROGALAND",1146,"TYSVÆR",11,"ROGALAND",1146,"TYSVÆR","Vestlandet"
11,"ROGALAND",1149,"KARMØY",11,"ROGALAND",1149,"KARMØY","Vestlandet"
11,"ROGALAND",1151,"UTSIRA",11,"ROGALAND",1151,"UTSIRA","Vestlandet"
11,"ROGALAND",1160,"VINDAFJORD",11,"ROGALAND",1160,"VINDAFJORD","Vestlandet"
12,"HORDALAND",1201,"BERGEN",46,"VESTLAND",4601,"BERGEN","Vestlandet"
12,"HORDALAND",1211,"ETNE",46,"VESTLAND",4611,"ETNE","Vestlandet"
12,"HORDALAND",1216,"SVEIO",46,"VESTLAND",4612,"SVEIO","Vestlandet"
12,"HORDALAND",1219,"BØMLO",46,"VESTLAND",4613,"BØMLO","Vestlandet"
12,"HORDALAND",1221,"STORD",46,"VESTLAND",4614,"STORD","Vestlandet"
12,"HORDALAND",1222,"FITJAR",46,"VESTLAND",4615,"FITJAR","Vestlandet"
12,"HORDALAND",1223,"TYSNES",46,"VESTLAND",4616,"TYSNES","Vestlandet"
12,"HORDALAND",1224,"KVINNHERAD",46,"VESTLAND",4617,"KVINNHERAD","Vestlandet"
12,"HORDALAND",1227,"JONDAL",46,"VESTLAND",4618,"ULLENSVANG","Vestlandet"
12,"HORDALAND",1228,"ODDA",46,"VESTLAND",4618,"ULLENSVANG","Vestlandet"
12,"HORDALAND",1231,"ULLENSVANG",46,"VESTLAND",4618,"ULLENSVANG","Vestlandet"
12,"HORDALAND",1232,"EIDFJORD",46,"VESTLAND",4619,"EIDFJORD","Vestlandet"
12,"HORDALAND",1233,"ULVIK",46,"VESTLAND",4620,"ULVIK","Vestlandet"
12,"HORDALAND",1234,"GRANVIN",46,"VESTLAND",4621,"VOSS","Vestlandet"
12,"HORDALAND",1235,"VOSS",46,"VESTLAND",4621,"VOSS","Vestlandet"
12,"HORDALAND",1238,"KVAM",46,"VESTLAND",4622,"KVAM","Vestlandet"
12,"HORDALAND",1241,"FUSA",46,"VESTLAND",4624,"BJØRNAFJORDEN","Vestlandet"
12,"HORDALAND",1242,"SAMNANGER",46,"VESTLAND",4623,"SAMNANGER","Vestlandet"
12,"HORDALAND",1243,"OS (HORDALAND)",46,"VESTLAND",4624,"BJØRNAFJORDEN","Vestlandet"
12,"HORDALAND",1244,"AUSTEVOLL",46,"VESTLAND",4625,"AUSTEVOLL","Vestlandet"
12,"HORDALAND",1245,"SUND",46,"VESTLAND",4626,"ØYGARDEN","Vestlandet"
12,"HORDALAND",1246,"FJELL",46,"VESTLAND",4626,"ØYGARDEN","Vestlandet"
12,"HORDALAND",1247,"ASKØY",46,"VESTLAND",4627,"ASKØY","Vestlandet"
12,"HORDALAND",1251,"VAKSDAL",46,"VESTLAND",4628,"VAKSDAL","Vestlandet"
12,"HORDALAND",1252,"MODALEN",46,"VESTLAND",4629,"MODALEN","Vestlandet"
12,"HORDALAND",1253,"OSTERØY",46,"VESTLAND",4630,"OSTERØY","Vestlandet"
12,"HORDALAND",1256,"MELAND",46,"VESTLAND",4631,"ALVER","Vestlandet"
12,"HORDALAND",1259,"ØYGARDEN",46,"VESTLAND",4626,"ØYGARDEN","Vestlandet"
12,"HORDALAND",1260,"RADØY",46,"VESTLAND",4631,"ALVER","Vestlandet"
12,"HORDALAND",1263,"LINDÅS",46,"VESTLAND",4631,"ALVER","Vestlandet"
12,"HORDALAND",1264,"AUSTRHEIM",46,"VESTLAND",4632,"AUSTRHEIM","Vestlandet"
12,"HORDALAND",1265,"FEDJE",46,"VESTLAND",4633,"FEDJE","Vestlandet"
12,"HORDALAND",1266,"MASFJORDEN",46,"VESTLAND",4634,"MASFJORDEN","Vestlandet"
14,"SOGN OG FJORDANE",1401,"FLORA",46,"VESTLAND",4602,"KINN","Vestlandet"
14,"SOGN OG FJORDANE",1411,"GULEN",46,"VESTLAND",4635,"GULEN","Vestlandet"
14,"SOGN OG FJORDANE",1412,"SOLUND",46,"VESTLAND",4636,"SOLUND","Vestlandet"
14,"SOGN OG FJORDANE",1413,"HYLLESTAD",46,"VESTLAND",4637,"HYLLESTAD","Vestlandet"
14,"SOGN OG FJORDANE",1416,"HØYANGER",46,"VESTLAND",4638,"HØYANGER","Vestlandet"
14,"SOGN OG FJORDANE",1417,"VIK",46,"VESTLAND",4639,"VIK","Vestlandet"
14,"SOGN OG FJORDANE",1418,"BALESTRAND",46,"VESTLAND",4640,"SOGNDAL","Vestlandet"
14,"SOGN OG FJORDANE",1419,"LEIKANGER",46,"VESTLAND",4640,"SOGNDAL","Vestlandet"
14,"SOGN OG FJORDANE",1420,"SOGNDAL",46,"VESTLAND",4640,"SOGNDAL","Vestlandet"
14,"SOGN OG FJORDANE",1421,"AURLAND",46,"VESTLAND",4641,"AURLAND","Vestlandet"
14,"SOGN OG FJORDANE",1422,"LÆRDAL",46,"VESTLAND",4642,"LÆRDAL","Vestlandet"
14,"SOGN OG FJORDANE",1424,"ÅRDAL",46,"VESTLAND",4643,"ÅRDAL","Vestlandet"
14,"SOGN OG FJORDANE",1426,"LUSTER",46,"VESTLAND",4644,"LUSTER","Vestlandet"
14,"SOGN OG FJORDANE",1428,"ASKVOLL",46,"VESTLAND",4645,"ASKVOLL","Vestlandet"
14,"SOGN OG FJORDANE",1429,"FJALER",46,"VESTLAND",4646,"FJALER","Vestlandet"
14,"SOGN OG FJORDANE",1430,"GAULAR",46,"VESTLAND",4647,"SUNNFJORD","Vestlandet"
14,"SOGN OG FJORDANE",1431,"JØLSTER",46,"VESTLAND",4647,"SUNNFJORD","Vestlandet"
14,"SOGN OG FJORDANE",1432,"FØRDE",46,"VESTLAND",4647,"SUNNFJORD","Vestlandet"
14,"SOGN OG FJORDANE",1433,"NAUSTDAL",46,"VESTLAND",4647,"SUNNFJORD","Vestlandet"
14,"SOGN OG FJORDANE",1438,"BREMANGER",46,"VESTLAND",4648,"BREMANGER","Vestlandet"
14,"SOGN OG FJORDANE",1439,"VÅGSØY",46,"VESTLAND",4602,"KINN","Vestlandet"
14,"SOGN OG FJORDANE",1441,"SELJE",46,"VESTLAND",4649,"STAD","Vestlandet"
14,"SOGN OG FJORDANE",1443,"EID",46,"VESTLAND",4649,"STAD","Vestlandet"
14,"SOGN OG FJORDANE",1444,"HORNINDAL",15,"MØRE OG ROMSDAL",1577,"VOLDA","Midt-Norge"
14,"SOGN OG FJORDANE",1445,"GLOPPEN",46,"VESTLAND",4650,"GLOPPEN","Vestlandet"
14,"SOGN OG FJORDANE",1449,"STRYN",46,"VESTLAND",4651,"STRYN","Vestlandet"
15,"MØRE OG ROMSDAL",1502,"MOLDE",15,"MØRE OG ROMSDAL",1506,"MOLDE","Midt-Norge"
15,"MØRE OG ROMSDAL",1504,"ÅLESUND",15,"MØRE OG ROMSDAL",1507,"ÅLESUND","Midt-Norge"
15,"MØRE OG ROMSDAL",1505,"KRISTIANSUND",15,"MØRE OG ROMSDAL",1505,"KRISTIANSUND","Midt-Norge"
15,"MØRE OG ROMSDAL",1511,"VANYLVEN",15,"MØRE OG ROMSDAL",1511,"VANYLVEN","Midt-Norge"
15,"MØRE OG ROMSDAL",1514,"SANDE",15,"MØRE OG ROMSDAL",1514,"SANDE","Midt-Norge"
15,"MØRE OG ROMSDAL",1515,"HERØY",15,"MØRE OG ROMSDAL",1515,"HERØY","Midt-Norge"
15,"MØRE OG ROMSDAL",1516,"ULSTEIN",15,"MØRE OG ROMSDAL",1516,"ULSTEIN","Midt-Norge"
15,"MØRE OG ROMSDAL",1517,"HAREID",15,"MØRE OG ROMSDAL",1517,"HAREID","Midt-Norge"
15,"MØRE OG ROMSDAL",1519,"VOLDA",15,"MØRE OG ROMSDAL",1577,"VOLDA","Midt-Norge"
15,"MØRE OG ROMSDAL",1520,"ØRSTA",15,"MØRE OG ROMSDAL",1520,"ØRSTA","Midt-Norge"
15,"MØRE OG ROMSDAL",1523,"ØRSKOG",15,"MØRE OG ROMSDAL",1507,"ÅLESUND","Midt-Norge"
15,"MØRE OG ROMSDAL",1524,"NORDDAL",15,"MØRE OG ROMSDAL",1578,"FJORD","Midt-Norge"
15,"MØRE OG ROMSDAL",1525,"STRANDA",15,"MØRE OG ROMSDAL",1525,"STRANDA","Midt-Norge"
15,"MØRE OG ROMSDAL",1526,"STORDAL",15,"MØRE OG ROMSDAL",1578,"FJORD","Midt-Norge"
15,"MØRE OG ROMSDAL",1528,"SYKKYLVEN",15,"MØRE OG ROMSDAL",1528,"SYKKYLVEN","Midt-Norge"
15,"MØRE OG ROMSDAL",1529,"SKODJE",15,"MØRE OG ROMSDAL",1507,"ÅLESUND","Midt-Norge"
15,"MØRE OG ROMSDAL",1531,"SULA",15,"MØRE OG ROMSDAL",1531,"SULA","Midt-Norge"
15,"MØRE OG ROMSDAL",1532,"GISKE",15,"MØRE OG ROMSDAL",1532,"GISKE","Midt-Norge"
15,"MØRE OG ROMSDAL",1534,"HARAM",15,"MØRE OG ROMSDAL",1507,"ÅLESUND","Midt-Norge"
15,"MØRE OG ROMSDAL",1535,"VESTNES",15,"MØRE OG ROMSDAL",1535,"VESTNES","Midt-Norge"
15,"MØRE OG ROMSDAL",1539,"RAUMA",15,"MØRE OG ROMSDAL",1539,"RAUMA","Midt-Norge"
15,"MØRE OG ROMSDAL",1543,"NESSET",15,"MØRE OG ROMSDAL",1506,"MOLDE","Midt-Norge"
15,"MØRE OG ROMSDAL",1545,"MIDSUND",15,"MØRE OG ROMSDAL",1506,"MOLDE","Midt-Norge"
15,"MØRE OG ROMSDAL",1546,"SANDØY",15,"MØRE OG ROMSDAL",1507,"ÅLESUND","Midt-Norge"
15,"MØRE OG ROMSDAL",1547,"AUKRA",15,"MØRE OG ROMSDAL",1547,"AUKRA","Midt-Norge"
15,"MØRE OG ROMSDAL",1548,"FRÆNA",15,"MØRE OG ROMSDAL",1579,"HUSTADVIKA","Midt-Norge"
15,"MØRE OG ROMSDAL",1551,"EIDE",15,"MØRE OG ROMSDAL",1579,"HUSTADVIKA","Midt-Norge"
15,"MØRE OG ROMSDAL",1554,"AVERØY",15,"MØRE OG ROMSDAL",1554,"AVERØY","Midt-Norge"
15,"MØRE OG ROMSDAL",1557,"GJEMNES",15,"MØRE OG ROMSDAL",1557,"GJEMNES","Midt-Norge"
15,"MØRE OG ROMSDAL",1560,"TINGVOLL",15,"MØRE OG ROMSDAL",1560,"TINGVOLL","Midt-Norge"
15,"MØRE OG ROMSDAL",1563,"SUNNDAL",15,"MØRE OG ROMSDAL",1563,"SUNNDAL","Midt-Norge"
15,"MØRE OG ROMSDAL",1566,"SURNADAL",15,"MØRE OG ROMSDAL",1566,"SURNADAL","Midt-Norge"
15,"MØRE OG ROMSDAL",1571,"HALSA",50,"TRØNDELAG",5055,"HEIM","Midt-Norge"
15,"MØRE OG ROMSDAL",1573,"SMØLA",15,"MØRE OG ROMSDAL",1573,"SMØLA","Midt-Norge"
15,"MØRE OG ROMSDAL",1576,"AURE",15,"MØRE OG ROMSDAL",1576,"AURE","Midt-Norge"
18,"NORDLAND",1804,"BODØ",18,"NORDLAND",1804,"BODØ","Nord-Norge"
18,"NORDLAND",1805,"NARVIK",18,"NORDLAND",1806,"NARVIK","Nord-Norge"
18,"NORDLAND",1811,"BINDAL",18,"NORDLAND",1811,"BINDAL","Nord-Norge"
18,"NORDLAND",1812,"SØMNA",18,"NORDLAND",1812,"SØMNA","Nord-Norge"
18,"NORDLAND",1813,"BRØNNØY",18,"NORDLAND",1813,"BRØNNØY","Nord-Norge"
18,"NORDLAND",1815,"VEGA",18,"NORDLAND",1815,"VEGA","Nord-Norge"
18,"NORDLAND",1816,"VEVELSTAD",18,"NORDLAND",1816,"VEVELSTAD","Nord-Norge"
18,"NORDLAND",1818,"HERØY",18,"NORDLAND",1818,"HERØY","Nord-Norge"
18,"NORDLAND",1820,"ALSTAHAUG",18,"NORDLAND",1820,"ALSTAHAUG","Nord-Norge"
18,"NORDLAND",1822,"LEIRFJORD",18,"NORDLAND",1822,"LEIRFJORD","Nord-Norge"
18,"NORDLAND",1824,"VEFSN",18,"NORDLAND",1824,"VEFSN","Nord-Norge"
18,"NORDLAND",1825,"GRANE",18,"NORDLAND",1825,"GRANE","Nord-Norge"
18,"NORDLAND",1826,"HATTFJELLDAL",18,"NORDLAND",1826,"HATTFJELLDAL","Nord-Norge"
18,"NORDLAND",1827,"DØNNA",18,"NORDLAND",1827,"DØNNA","Nord-Norge"
18,"NORDLAND",1828,"NESNA",18,"NORDLAND",1828,"NESNA","Nord-Norge"
18,"NORDLAND",1832,"HEMNES",18,"NORDLAND",1832,"HEMNES","Nord-Norge"
18,"NORDLAND",1833,"RANA",18,"NORDLAND",1833,"RANA","Nord-Norge"
18,"NORDLAND",1834,"LURØY",18,"NORDLAND",1834,"LURØY","Nord-Norge"
18,"NORDLAND",1835,"TRÆNA",18,"NORDLAND",1835,"TRÆNA","Nord-Norge"
18,"NORDLAND",1836,"RØDØY",18,"NORDLAND",1836,"RØDØY","Nord-Norge"
18,"NORDLAND",1837,"MELØY",18,"NORDLAND",1837,"MELØY","Nord-Norge"
18,"NORDLAND",1838,"GILDESKÅL",18,"NORDLAND",1838,"GILDESKÅL","Nord-Norge"
18,"NORDLAND",1839,"BEIARN",18,"NORDLAND",1839,"BEIARN","Nord-Norge"
18,"NORDLAND",1840,"SALTDAL",18,"NORDLAND",1840,"SALTDAL","Nord-Norge"
18,"NORDLAND",1841,"FAUSKE",18,"NORDLAND",1841,"FAUSKE","Nord-Norge"
18,"NORDLAND",1845,"SØRFOLD",18,"NORDLAND",1845,"SØRFOLD","Nord-Norge"
18,"NORDLAND",1848,"STEIGEN",18,"NORDLAND",1848,"STEIGEN","Nord-Norge"
18,"NORDLAND",1849,"HAMARØY",18,"NORDLAND",1875,"HAMARØY","Nord-Norge"
18,"NORDLAND",1850,"TYSFJORD (DELES)",18,"NORDLAND",1806,"NARVIK","Nord-Norge"
18,"NORDLAND",1850,"TYSFJORD (DELES)",18,"NORDLAND",1875,"HAMARØY","Nord-Norge"
18,"NORDLAND",1851,"LØDINGEN",18,"NORDLAND",1851,"LØDINGEN","Nord-Norge"
18,"NORDLAND",1852,"TJELDSUND",54,"TROMS OG FINNMARK",5412,"TJELDSUND","Nord-Norge"
18,"NORDLAND",1853,"EVENES",18,"NORDLAND",1853,"EVENES","Nord-Norge"
18,"NORDLAND",1854,"BALLANGEN",18,"NORDLAND",1806,"NARVIK","Nord-Norge"
18,"NORDLAND",1856,"RØST",18,"NORDLAND",1856,"RØST","Nord-Norge"
18,"NORDLAND",1857,"VÆRØY",18,"NORDLAND",1857,"VÆRØY","Nord-Norge"
18,"NORDLAND",1859,"FLAKSTAD",18,"NORDLAND",1859,"FLAKSTAD","Nord-Norge"
18,"NORDLAND",1860,"VESTVÅGØY",18,"NORDLAND",1860,"VESTVÅGØY","Nord-Norge"
18,"NORDLAND",1865,"VÅGAN",18,"NORDLAND",1865,"VÅGAN","Nord-Norge"
18,"NORDLAND",1866,"HADSEL",18,"NORDLAND",1866,"HADSEL","Nord-Norge"
18,"NORDLAND",1867,"BØ",18,"NORDLAND",1867,"BØ","Nord-Norge"
18,"NORDLAND",1868,"ØKSNES",18,"NORDLAND",1868,"ØKSNES","Nord-Norge"
18,"NORDLAND",1870,"SORTLAND",18,"NORDLAND",1870,"SORTLAND","Nord-Norge"
18,"NORDLAND",1871,"ANDØY",18,"NORDLAND",1871,"ANDØY","Nord-Norge"
18,"NORDLAND",1874,"MOSKENES",18,"NORDLAND",1874,"MOSKENES","Nord-Norge"
19,"TROMS",1902,"TROMSØ",54,"TROMS OG FINNMARK",5401,"TROMSØ","Nord-Norge"
19,"TROMS",1903,"HARSTAD",54,"TROMS OG FINNMARK",5402,"HARSTAD","Nord-Norge"
19,"TROMS",1911,"KVÆFJORD",54,"TROMS OG FINNMARK",5411,"KVÆFJORD","Nord-Norge"
19,"TROMS",1913,"SKÅNLAND",54,"TROMS OG FINNMARK",5412,"TJELDSUND","Nord-Norge"
19,"TROMS",1917,"IBESTAD",54,"TROMS OG FINNMARK",5413,"IBESTAD","Nord-Norge"
19,"TROMS",1919,"GRATANGEN",54,"TROMS OG FINNMARK",5414,"GRATANGEN","Nord-Norge"
19,"TROMS",1920,"LAVANGEN",54,"TROMS OG FINNMARK",5415,"LAVANGEN","Nord-Norge"
19,"TROMS",1922,"BARDU",54,"TROMS OG FINNMARK",5416,"BARDU","Nord-Norge"
19,"TROMS",1923,"SALANGEN",54,"TROMS OG FINNMARK",5417,"SALANGEN","Nord-Norge"
19,"TROMS",1924,"MÅLSELV",54,"TROMS OG FINNMARK",5418,"MÅLSELV","Nord-Norge"
19,"TROMS",1925,"SØRREISA",54,"TROMS OG FINNMARK",5419,"SØRREISA","Nord-Norge"
19,"TROMS",1926,"DYRØY",54,"TROMS OG FINNMARK",5420,"DYRØY","Nord-Norge"
19,"TROMS",1927,"TRANØY",54,"TROMS OG FINNMARK",5421,"SENJA","Nord-Norge"
19,"TROMS",1928,"TORSKEN",54,"TROMS OG FINNMARK",5421,"SENJA","Nord-Norge"
19,"TROMS",1929,"BERG",54,"TROMS OG FINNMARK",5421,"SENJA","Nord-Norge"
19,"TROMS",1931,"LENVIK",54,"TROMS OG FINNMARK",5421,"SENJA","Nord-Norge"
19,"TROMS",1933,"BALSFJORD",54,"TROMS OG FINNMARK",5422,"BALSFJORD","Nord-Norge"
19,"TROMS",1936,"KARLSØY",54,"TROMS OG FINNMARK",5423,"KARLSØY","Nord-Norge"
19,"TROMS",1938,"LYNGEN",54,"TROMS OG FINNMARK",5424,"LYNGEN","Nord-Norge"
19,"TROMS",1939,"STORFJORD",54,"TROMS OG FINNMARK",5425,"STORFJORD","Nord-Norge"
19,"TROMS",1940,"KÅFJORD",54,"TROMS OG FINNMARK",5426,"KÅFJORD","Nord-Norge"
19,"TROMS",1941,"SKJERVØY",54,"TROMS OG FINNMARK",5427,"SKJERVØY","Nord-Norge"
19,"TROMS",1942,"NORDREISA",54,"TROMS OG FINNMARK",5428,"NORDREISA","Nord-Norge"
19,"TROMS",1943,"KVÆNANGEN",54,"TROMS OG FINNMARK",5429,"KVÆNANGEN","Nord-Norge"
20,"FINNMARK",2002,"VARDØ",54,"TROMS OG FINNMARK",5404,"VARDØ","Nord-Norge"
20,"FINNMARK",2003,"VADSØ",54,"TROMS OG FINNMARK",5405,"VADSØ","Nord-Norge"
20,"FINNMARK",2004,"HAMMERFEST",54,"TROMS OG FINNMARK",5406,"HAMMERFEST","Nord-Norge"
20,"FINNMARK",2011,"KAUTOKEINO",54,"TROMS OG FINNMARK",5430,"KAUTOKEINO","Nord-Norge"
20,"FINNMARK",2012,"ALTA",54,"TROMS OG FINNMARK",5403,"ALTA","Nord-Norge"
20,"FINNMARK",2014,"LOPPA",54,"TROMS OG FINNMARK",5432,"LOPPA","Nord-Norge"
20,"FINNMARK",2015,"HASVIK",54,"TROMS OG FINNMARK",5433,"HASVIK","Nord-Norge"
20,"FINNMARK",2017,"KVALSUND",54,"TROMS OG FINNMARK",5406,"HAMMERFEST","Nord-Norge"
20,"FINNMARK",2018,"MÅSØY",54,"TROMS OG FINNMARK",5434,"MÅSØY","Nord-Norge"
20,"FINNMARK",2019,"NORDKAPP",54,"TROMS OG FINNMARK",5435,"NORDKAPP","Nord-Norge"
20,"FINNMARK",2020,"PORSANGER",54,"TROMS OG FINNMARK",5436,"PORSANGER","Nord-Norge"
20,"FINNMARK",2021,"KARASJOK",54,"TROMS OG FINNMARK",5437,"KARASJOK","Nord-Norge"
20,"FINNMARK",2022,"LEBESBY",54,"TROMS OG FINNMARK",5438,"LEBESBY","Nord-Norge"
20,"FINNMARK",2023,"GAMVIK",54,"TROMS OG FINNMARK",5439,"GAMVIK","Nord-Norge"
20,"FINNMARK",2024,"BERLEVÅG",54,"TROMS OG FINNMARK",5440,"BERLEVÅG","Nord-Norge"
20,"FINNMARK",2025,"TANA",54,"TROMS OG FINNMARK",5441,"TANA","Nord-Norge"
20,"FINNMARK",2027,"NESSEBY",54,"TROMS OG FINNMARK",5442,"NESSEBY","Nord-Norge"
20,"FINNMARK",2028,"BÅTSFJORD",54,"TROMS OG FINNMARK",5443,"BÅTSFJORD","Nord-Norge"
20,"FINNMARK",2030,"SØR-VARANGER",54,"TROMS OG FINNMARK",5444,"SØR-VARANGER","Nord-Norge"
50,"TRØNDELAG",5001,"TRONDHEIM",50,"TRØNDELAG",5001,"TRONDHEIM","Midt-Norge"
50,"TRØNDELAG",5004,"STEINKJER",50,"TRØNDELAG",5006,"STEINKJER","Midt-Norge"
50,"TRØNDELAG",5005,"NAMSOS",50,"TRØNDELAG",5007,"NAMSOS","Midt-Norge"
50,"TRØNDELAG",5011,"HEMNE",50,"TRØNDELAG",5055,"HEIM","Midt-Norge"
50,"TRØNDELAG",5012,"SNILLFJORD (DELES)",50,"TRØNDELAG",5055,"HEIM","Midt-Norge"
50,"TRØNDELAG",5012,"SNILLFJORD (DELES)",50,"TRØNDELAG",5056,"HITRA","Midt-Norge"
50,"TRØNDELAG",5012,"SNILLFJORD (DELES)",50,"TRØNDELAG",5059,"ORKLAND","Midt-Norge"
50,"TRØNDELAG",5013,"HITRA",50,"TRØNDELAG",5056,"HITRA","Midt-Norge"
50,"TRØNDELAG",5014,"FRØYA",50,"TRØNDELAG",5014,"FRØYA","Midt-Norge"
50,"TRØNDELAG",5015,"ØRLAND",50,"TRØNDELAG",5057,"ØRLAND","Midt-Norge"
50,"TRØNDELAG",5016,"AGDENES",50,"TRØNDELAG",5059,"ORKLAND","Midt-Norge"
50,"TRØNDELAG",5017,"BJUGN",50,"TRØNDELAG",5057,"ØRLAND","Midt-Norge"
50,"TRØNDELAG",5018,"ÅFJORD",50,"TRØNDELAG",5058,"ÅFJORD","Midt-Norge"
50,"TRØNDELAG",5019,"ROAN",50,"TRØNDELAG",5058,"ÅFJORD","Midt-Norge"
50,"TRØNDELAG",5020,"OSEN",50,"TRØNDELAG",5020,"OSEN","Midt-Norge"
50,"TRØNDELAG",5021,"OPPDAL",50,"TRØNDELAG",5021,"OPPDAL","Midt-Norge"
50,"TRØNDELAG",5022,"RENNEBU",50,"TRØNDELAG",5022,"RENNEBU","Midt-Norge"
50,"TRØNDELAG",5023,"MELDAL",50,"TRØNDELAG",5059,"ORKLAND","Midt-Norge"
50,"TRØNDELAG",5024,"ORKDAL",50,"TRØNDELAG",5059,"ORKLAND","Midt-Norge"
50,"TRØNDELAG",5025,"RØROS",50,"TRØNDELAG",5025,"RØROS","Midt-Norge"
50,"TRØNDELAG",5026,"HOLTÅLEN",50,"TRØNDELAG",5026,"HOLTÅLEN","Midt-Norge"
50,"TRØNDELAG",5027,"MIDTRE GAULDAL",50,"TRØNDELAG",5027,"MIDTRE GAULDAL","Midt-Norge"
50,"TRØNDELAG",5028,"MELHUS",50,"TRØNDELAG",5028,"MELHUS","Midt-Norge"
50,"TRØNDELAG",5029,"SKAUN",50,"TRØNDELAG",5029,"SKAUN","Midt-Norge"
50,"TRØNDELAG",5030,"KLÆBU",50,"TRØNDELAG",5001,"TRONDHEIM","Midt-Norge"
50,"TRØNDELAG",5031,"MALVIK",50,"TRØNDELAG",5031,"MALVIK","Midt-Norge"
50,"TRØNDELAG",5032,"SELBU",50,"TRØNDELAG",5032,"SELBU","Midt-Norge"
50,"TRØNDELAG",5033,"TYDAL",50,"TRØNDELAG",5033,"TYDAL","Midt-Norge"
50,"TRØNDELAG",5034,"MERÅKER",50,"TRØNDELAG",5034,"MERÅKER","Midt-Norge"
50,"TRØNDELAG",5035,"STJØRDAL",50,"TRØNDELAG",5035,"STJØRDAL","Midt-Norge"
50,"TRØNDELAG",5036,"FROSTA",50,"TRØNDELAG",5036,"FROSTA","Midt-Norge"
50,"TRØNDELAG",5037,"LEVANGER",50,"TRØNDELAG",5037,"LEVANGER","Midt-Norge"
50,"TRØNDELAG",5038,"VERDAL",50,"TRØNDELAG",5038,"VERDAL","Midt-Norge"
50,"TRØNDELAG",5039,"VERRAN",50,"TRØNDELAG",5006,"STEINKJER","Midt-Norge"
50,"TRØNDELAG",5040,"NAMDALSEID",50,"TRØNDELAG",5007,"NAMSOS","Midt-Norge"
50,"TRØNDELAG",5041,"SNÅSA",50,"TRØNDELAG",5041,"SNÅSA","Midt-Norge"
50,"TRØNDELAG",5042,"LIERNE",50,"TRØNDELAG",5042,"LIERNE","Midt-Norge"
50,"TRØNDELAG",5043,"RØYRVIK",50,"TRØNDELAG",5043,"RØYRVIK","Midt-Norge"
50,"TRØNDELAG",5044,"NAMSSKOGAN",50,"TRØNDELAG",5044,"NAMSSKOGAN","Midt-Norge"
50,"TRØNDELAG",5045,"GRONG",50,"TRØNDELAG",5045,"GRONG","Midt-Norge"
50,"TRØNDELAG",5046,"HØYLANDET",50,"TRØNDELAG",5046,"HØYLANDET","Midt-Norge"
50,"TRØNDELAG",5047,"OVERHALLA",50,"TRØNDELAG",5047,"OVERHALLA","Midt-Norge"
50,"TRØNDELAG",5048,"FOSNES",50,"TRØNDELAG",5007,"NAMSOS","Midt-Norge"
50,"TRØNDELAG",5049,"FLATANGER",50,"TRØNDELAG",5049,"FLATANGER","Midt-Norge"
50,"TRØNDELAG",5050,"VIKNA",50,"TRØNDELAG",5060,"NÆRØYSUND","Midt-Norge"
50,"TRØNDELAG",5051,"NÆRØY",50,"TRØNDELAG",5060,"NÆRØYSUND","Midt-Norge"
50,"TRØNDELAG",5052,"LEKA",50,"TRØNDELAG",5052,"LEKA","Midt-Norge"
50,"TRØNDELAG",5053,"INDERØY",50,"TRØNDELAG",5053,"INDERØY","Midt-Norge"
50,"TRØNDELAG",5054,"INDRE FOSEN",50,"TRØNDELAG",5054,"INDRE FOSEN","Midt-Norge"
50,"TRØNDELAG",5061,"RINDAL",50,"TRØNDELAG",5061,"RINDAL","Midt-Norge"
